新闻标题,发布日期,发稿单位,网页链接
祝全体东财人劳动节快乐！,2026-05-01,东北财经大学金融科技学院,https://www.dufe.edu.cn/news/news/content_98270.html
东北财经大学党外代表人士能力提升专题培训班圆满举办,2026-04-29,东北财经大学金融科技学院,https://www.dufe.edu.cn/news/news/content_98183.html
东北财经大学青年教师马军荣获2026年度新时代青年先锋奖,2026-04-29,东北财经大学金融科技学院,https://www.dufe.edu.cn/news/news/content_98125.html
五秩风华归财园 初心如磐忆芳华——东北财经大学会计学院1973级工业会计专业校友毕业50周年重返母校相聚,2026-04-29,东北财经大学金融科技学院,https://www.dufe.edu.cn/news/news/content_98055.html
东北财经大学举办“金融强国建设之金融再定位：学科与行业发展趋势”专题讲座,2026-04-27,东北财经大学金融科技学院,https://www.dufe.edu.cn/news/news/content_97969.html
中华文明与道德经济系列研讨会之五“中华文明国际传播与企业出海”研讨会成功举办,2026-04-27,东北财经大学金融科技学院,https://www.dufe.edu.cn/news/news/content_97970.html
东北财经大学召开2026年就业工作会议,2026-04-27,东北财经大学金融科技学院,https://www.dufe.edu.cn/news/news/content_97968.html
东北财经大学党委树立和践行正确政绩观学习教育第2期读书班暨党委理论学习中心组集体学习会举行,2026-04-24,东北财经大学金融科技学院,https://www.dufe.edu.cn/news/news/content_97868.html
共筑平安校园，守护生命之花——东北财经大学举办2026年春季消防安全培训及演练活动,2026-04-23,东北财经大学金融科技学院,https://www.dufe.edu.cn/news/news/content_97833.html
东北财经大学“就业指导周”活动成功举办,2026-04-23,东北财经大学金融科技学院,https://www.dufe.edu.cn/news/news/content_97832.html
东北财经大学举办“纽澳阳光—砺商基金”捐赠签约仪式,2026-04-23,东北财经大学金融科技学院,https://www.dufe.edu.cn/news/news/content_97829.html
东北财经大学2026年“全民阅读活动周”启动暨“书香学院”等奖项颁奖仪式成功举办,2026-04-22,东北财经大学金融科技学院,https://www.dufe.edu.cn/news/news/content_97764.html
东北财经大学举办春季攻坚促就业行动之2026届毕业生春季就业与2027届毕业生就业实习“双向选择”洽谈会,2026-04-22,东北财经大学金融科技学院,https://www.dufe.edu.cn/news/news/content_97754.html
东北财经大学谷成教授在《经济日报》发表理论文章《明晰更加积极有为的宏观政策指向》,2026-04-22,东北财经大学金融科技学院,https://www.dufe.edu.cn/news/news/content_97750.html
东北财经大学召开教学督导员能力提升培训暨教学督导工作会议,2026-04-22,东北财经大学金融科技学院,https://www.dufe.edu.cn/news/news/content_97746.html
东北财经大学《财经问题研究》《东北财经大学学报》2025年度转载成绩再创新高,2026-04-21,东北财经大学金融科技学院,https://www.dufe.edu.cn/news/news/content_97743.html
第四届全国财经高校同课异构教学竞赛启动会暨颁奖典礼在东北财经大学举行,2026-04-20,东北财经大学金融科技学院,https://www.dufe.edu.cn/news/news/content_97686.html
2026“文化东财 团结奋进”校园文化节开幕式暨“高雅艺术进校园——「诗乐和鸣 雅韵新声」中国古典诗词音乐会走进东北财经大学”活动成功举办,2026-04-17,东北财经大学金融科技学院,https://www.dufe.edu.cn/news/news/content_97634.html
东北财经大学举办“凝聚青春力量，闪耀青春光彩”大学生先进事迹报告会,2026-04-17,东北财经大学金融科技学院,https://www.dufe.edu.cn/news/news/content_97625.html
聚焦教育科技融合 深化中越校际合作——东北财经大学参加中越高等教育合作与科技创新论坛,2026-04-17,东北财经大学金融科技学院,https://www.dufe.edu.cn/news/news/content_97623.html
关于组织申报2026年度辽宁省财政科研基金项目的通知,2026-04-30,东北财经大学金融科技学院,https://www.dufe.edu.cn/news/news/content_98246.html
关于严明“五一”、端午节日期间纪律要求的通知,2026-04-29,东北财经大学金融科技学院,https://www.dufe.edu.cn/news/news/content_98181.html
关于第十五届“挑战杯”全国大学生创业计划竞赛东北财经大学...,2026-04-29,东北财经大学金融科技学院,https://www.dufe.edu.cn/news/news/content_98202.html
东北财经大学学子在第三届全国大学生... 2026.04.30,2026-04-30,东北财经大学金融科技学院,https://www.dufe.edu.cn/news/news/content_98273.html
东北财经大学召开2026年全面从严治党工作会议暨警示教育大会,2026-04-16,东北财经大学金融科技学院,https://www.dufe.edu.cn/news/news/content_97607.html
播撒绿色希望 共育时代新人——东北财经大学“同心植绿 薪火相传”植树活动圆满举行,2026-04-16,东北财经大学金融科技学院,https://www.dufe.edu.cn/news/news/content_97605.html
东北财经大学召开干部大会，传达全省高校党委书记校长集体谈话和专题培训精神，部署重点工作,2026-04-16,东北财经大学金融科技学院,https://www.dufe.edu.cn/news/news/content_97582.html
中青校媒（辽宁）第十六届学生主席团换届大会暨青春共鸣阅读分享会在东北财经大学举行,2026-04-13,东北财经大学金融科技学院,https://www.dufe.edu.cn/news/news/content_97512.html
东北财经大学党委书记方红星会见中国大连高级经理学院常务副院长、党委副书记薛徽一行,2026-04-10,东北财经大学金融科技学院,https://www.dufe.edu.cn/news/news/content_97436.html
辽宁省高校跨境电商专业人才培养培训会议在东北财经大学成功举办,2026-04-10,东北财经大学金融科技学院,https://www.dufe.edu.cn/news/news/content_97412.html
东北财经大学作品在教育部第十届高校廉洁教育系列活动中获奖,2026-04-10,东北财经大学金融科技学院,https://www.dufe.edu.cn/news/news/content_97406.html
薪火相传情系母校 爱心捐赠助力发展 东北财经大学1993级国际金融专业校友金喆向母校捐赠成立“跨境教育发展-AIES基金”,2026-04-10,东北财经大学金融科技学院,https://www.dufe.edu.cn/news/news/content_97410.html
善意中国，同心聚力——企业捐赠热潮为东北财经大学高质量发展注入强劲动能,2026-04-10,东北财经大学金融科技学院,https://www.dufe.edu.cn/news/news/content_97409.html
东北财经大学与长春市人民政府签署战略合作框架协议,2026-04-08,东北财经大学金融科技学院,https://www.dufe.edu.cn/news/news/content_97362.html
三十华诞启新程 税法同心谱华章——第二十一届税法宣传月启动暨同心奖学金颁奖仪式成功举行,2026-04-07,东北财经大学金融科技学院,https://www.dufe.edu.cn/news/news/content_97309.html
东北财经大学与深圳市中兴新云服务有限公司举行战略合作签约仪式,2026-04-04,东北财经大学金融科技学院,https://www.dufe.edu.cn/news/news/content_97298.html
东北财经大学党委书记方红星一行赴中国工商银行大连市分行开展访企拓岗调研活动,2026-04-02,东北财经大学金融科技学院,https://www.dufe.edu.cn/news/news/content_97253.html
东北财经大学党委书记方红星一行赴沈阳开展访企拓岗促就业专项行动,2026-04-01,东北财经大学金融科技学院,https://www.dufe.edu.cn/news/news/content_97247.html
东北财经大学与中国工商银行大连市分行共青团联建共建单位揭牌仪式暨主题团课活动成功举办,2026-04-01,东北财经大学金融科技学院,https://www.dufe.edu.cn/news/news/content_97239.html
东北财经大学教授吕炜在《中国社会科学报》发表理论文章《加快构建中国财政学自主知识体系》,2026-03-31,东北财经大学金融科技学院,https://www.dufe.edu.cn/news/news/content_97228.html
东北财经大学党委召开科研机构联合党委成立大会,2026-03-27,东北财经大学金融科技学院,https://www.dufe.edu.cn/news/news/content_97150.html
辽宁省供应链新型工业化院揭牌仪式暨“数智供应链韧性与产业安全”学术研讨会在东北财经大学举行,2026-03-26,东北财经大学金融科技学院,https://www.dufe.edu.cn/news/news/content_97139.html
东北财经大学举办2026年“百校千企”人才对接计划暨2026届毕业生春季攻坚促就业“双向选择”洽谈会,2026-03-25,东北财经大学金融科技学院,https://www.dufe.edu.cn/news/news/content_97090.html
“活力聚联 财智交融”东北财经大学上海校友会2026年年会暨上海校友发展论坛成功举办,2026-03-24,东北财经大学金融科技学院,https://www.dufe.edu.cn/news/news/content_97056.html
东北财经大学金融学院鸿儒奖学金颁奖仪式暨鸿儒大讲堂成功举办,2026-03-23,东北财经大学金融科技学院,https://www.dufe.edu.cn/news/news/content_97042.html
东北财经大学党委书记方红星会见中国建设银行大连市分行党委书记、行长王刚一行,2026-03-20,东北财经大学金融科技学院,https://www.dufe.edu.cn/news/news/content_97016.html
东北财经大学教师教学创新大赛新赛道竞赛成功举办,2026-03-19,东北财经大学金融科技学院,https://www.dufe.edu.cn/news/news/content_96998.html
第十届东北财经大学党委第七轮巡察完成进驻,2026-03-19,东北财经大学金融科技学院,https://www.dufe.edu.cn/news/news/content_96995.html
东北财经大学召开构建中国哲学社会科学自主知识体系推进会,2026-03-18,东北财经大学金融科技学院,https://www.dufe.edu.cn/news/news/content_96968.html
东北财经大学召开2026年党风廉政建设和反腐败工作协调小组联席会议,2026-03-18,东北财经大学金融科技学院,https://www.dufe.edu.cn/news/news/content_96967.html
财政部会计司向东北财经大学发来感谢信,2026-03-18,东北财经大学金融科技学院,https://www.dufe.edu.cn/news/news/content_96966.html
东北财经大学与大连市妇女联合会成功举办“连心·We Talk”主题活动,2026-03-18,东北财经大学金融科技学院,https://www.dufe.edu.cn/news/news/content_96964.html
九三学社东北财经大学委员会召开第八次社员代表大会,2026-03-17,东北财经大学金融科技学院,https://www.dufe.edu.cn/news/news/content_96936.html
教育部留学服务中心副主任夏建辉一行到东北财经大学调研座谈,2026-03-17,东北财经大学金融科技学院,https://www.dufe.edu.cn/news/news/content_96923.html
东北财经大学党委树立和践行正确政绩观学习教育第1期读书班暨党委理论学习中心组集体学习会举行,2026-03-17,东北财经大学金融科技学院,https://www.dufe.edu.cn/news/news/content_96919.html
2026年“青春话大连”达沃斯进校园首场活动在东北财经大学成功举办,2026-03-16,东北财经大学金融科技学院,https://www.dufe.edu.cn/news/news/content_96907.html
东北财经大学召开教育教学督导工作落实暨督导员聘任大会,2026-03-16,东北财经大学金融科技学院,https://www.dufe.edu.cn/news/news/content_96905.html
东北财经大学工会组织开展学雷锋志愿服务和纪念“三八”国际劳动妇女节系列活动,2026-03-13,东北财经大学金融科技学院,https://www.dufe.edu.cn/news/news/content_96859.html
东北财经大学举行2026年入伍学生欢送会,2026-03-13,东北财经大学金融科技学院,https://www.dufe.edu.cn/news/news/content_96839.html
东北财经大学党委召开第七轮巡察工作动员部署会,2026-03-12,东北财经大学金融科技学院,https://www.dufe.edu.cn/news/news/content_96831.html
东北财经大学召开辅导员队伍警示教育专题会议,2026-03-11,东北财经大学金融科技学院,https://www.dufe.edu.cn/news/news/content_96812.html
东北财经大学召开学科专业设置调整优化机制改革试点任务推进会,2026-03-09,东北财经大学金融科技学院,https://www.dufe.edu.cn/news/news/content_96790.html
东北财经大学举行“英雄永不谢幕”2026年春季学期“开学第一课”主题升国旗仪式,2026-03-09,东北财经大学金融科技学院,https://www.dufe.edu.cn/news/news/content_96776.html
东北财经大学“巾帼绽芳华，慧心启新程”女教职工素质拓展活动成功举办,2026-03-09,东北财经大学金融科技学院,https://www.dufe.edu.cn/news/news/content_96772.html
东北财经大学工商管理学院举办“英雄永不谢幕”主题2026年春季“开学第一课”暨“尖山师语”活动,2026-03-09,东北财经大学金融科技学院,https://www.dufe.edu.cn/news/news/content_96746.html
东北财经大学党委部署启动树立和践行正确政绩观学习教育,2026-03-06,东北财经大学金融科技学院,https://www.dufe.edu.cn/news/news/content_96739.html
东北财经大学多项统战工作成果获得通报表扬,2026-03-06,东北财经大学金融科技学院,https://www.dufe.edu.cn/news/news/content_96735.html
辽宁省应急管理厅党委书记、厅长李勇一行到东北财经大学调研交流,2026-03-06,东北财经大学金融科技学院,https://www.dufe.edu.cn/news/news/content_96734.html
AI赋能，东北财经大学“数字人讲校史”视频正式上线,2026-03-06,东北财经大学金融科技学院,https://www.dufe.edu.cn/news/news/content_96730.html
大连市社会科学界联合会副主席邹巍一行到东北财经大学调研,2026-03-04,东北财经大学金融科技学院,https://www.dufe.edu.cn/news/news/content_96687.html
东北财经大学“习近平经济思想概论”开课,2026-03-03,东北财经大学金融科技学院,https://www.dufe.edu.cn/news/news/content_96665.html
校领导检查指导2026年春季学期开学首日教学工作,2026-03-02,东北财经大学金融科技学院,https://www.dufe.edu.cn/news/news/content_96625.html
情暖财园！校领导新春慰问在岗教职员工,2026-02-15,东北财经大学金融科技学院,https://www.dufe.edu.cn/news/news/content_96584.html
新华社中国经济信息社向东北财经大学发来感谢信,2026-02-15,东北财经大学金融科技学院,https://www.dufe.edu.cn/news/news/content_96581.html
大连市人大常委会向东北财经大学发来感谢信 对学校法学院立法联系点服务地方立法工作给予高度肯定,2026-02-14,东北财经大学金融科技学院,https://www.dufe.edu.cn/news/news/content_96580.html
东北财经大学马克思主义学院教授朱成全、博士生阎博强在《学习时报》发表理论文章《“投资于人”的人文经济意蕴》,2026-02-09,东北财经大学金融科技学院,https://www.dufe.edu.cn/news/news/content_96566.html
比亚迪股份有限公司向东北财经大学发来感谢信,2026-02-02,东北财经大学金融科技学院,https://www.dufe.edu.cn/news/news/content_96555.html
东北财经大学出版社17种教材入选第二批“十四五”职业教育国家规划教材,2026-02-01,东北财经大学金融科技学院,https://www.dufe.edu.cn/news/news/content_96554.html
东北财经大学党委领导班子召开2025年度民主生活会,2026-02-01,东北财经大学金融科技学院,https://www.dufe.edu.cn/news/news/content_96553.html
财政部向东北财经大学发来感谢信,2026-01-29,东北财经大学金融科技学院,https://www.dufe.edu.cn/news/news/content_96539.html
东北财经大学教授建言献策 助力辽宁冰雪文旅品牌提升,2026-01-28,东北财经大学金融科技学院,https://www.dufe.edu.cn/news/news/content_96537.html
东北财经大学党委副书记、校长汪旭晖应邀出席“十五五”规划与中国哲学社会科学自主知识体系构建学术研讨会并发表主旨演讲,2026-01-25,东北财经大学金融科技学院,https://www.dufe.edu.cn/news/news/content_96529.html
东北财经大学党委教师工作委员会举行2025年度工作会议,2026-01-21,东北财经大学金融科技学院,https://www.dufe.edu.cn/news/news/content_96482.html
全国高校思想政治工作网刊发东北财经大学党委书记方红星署名文章：为培养可堪大用能担重任的卓越财经人才凝聚强大的思政引领力,2026-01-19,东北财经大学金融科技学院,https://www.dufe.edu.cn/news/news/content_96473.html
东北财经大学市政协委员在大连市政协十四届五次会议上积极履职建言,2026-01-19,东北财经大学金融科技学院,https://www.dufe.edu.cn/news/news/content_96465.html
东北财经大学荣获教育部中国大学生在线2025年度校园新媒体融合共建四十强称号,2026-01-19,东北财经大学金融科技学院,https://www.dufe.edu.cn/news/news/content_96451.html
最具传播力高校！东北财经大学再获中宣部宣传舆情研究中心、“学习强国”学习平台表彰,2026-01-18,东北财经大学金融科技学院,https://www.dufe.edu.cn/news/news/content_96440.html
东北财经大学案例入选2025年辽宁省基层思想政治工作创新案例,2026-01-16,东北财经大学金融科技学院,https://www.dufe.edu.cn/news/news/content_96431.html
东北财经大学与管理世界杂志社签署战略合作协议,2026-01-14,东北财经大学金融科技学院,https://www.dufe.edu.cn/news/news/content_96406.html
东北财经大学与深圳市中兴新云服务有限公司“入职选拔短期定制班”启动会成功举办,2026-01-14,东北财经大学金融科技学院,https://www.dufe.edu.cn/news/news/content_96404.html
东北财经大学主办的老字号高校行活动入选商务部2026年“老字号嘉年华”活动,2026-01-09,东北财经大学金融科技学院,https://www.dufe.edu.cn/news/news/content_96355.html
东北财经大学党委理论学习中心组举行集体学习会 为高质量开好2025年度民主生活会打牢思想基础,2026-01-09,东北财经大学金融科技学院,https://www.dufe.edu.cn/news/news/content_96347.html
第十届东北财经大学党委第六轮巡察完成反馈,2026-01-07,东北财经大学金融科技学院,https://www.dufe.edu.cn/news/news/content_96300.html
东北财经大学召开党外知识分子学习贯彻中共二十届四中全会精神宣讲报告会,2026-01-07,东北财经大学金融科技学院,https://www.dufe.edu.cn/news/news/content_96299.html
东北财经大学工作案例入选《推进和拓展中国式现代化辽宁实践案例汇编》,2026-01-06,东北财经大学金融科技学院,https://www.dufe.edu.cn/news/news/content_96297.html
东北财经大学2025年十件大事,2025-12-31,东北财经大学金融科技学院,https://www.dufe.edu.cn/news/news/content_96234.html
东北财经大学妇女第一次代表大会召开,2025-12-31,东北财经大学金融科技学院,https://www.dufe.edu.cn/news/news/content_96233.html
东北财经大学召开2025年学院级单位党组织书记抓基层党建工作述职评议会议,2025-12-31,东北财经大学金融科技学院,https://www.dufe.edu.cn/news/news/content_96232.html
守正笃行 启新致远——东北财经大学2026年新年贺词,2025-12-31,东北财经大学金融科技学院,https://www.dufe.edu.cn/news/news/content_96230.html
东北财经大学低空经济产业学院入选2025年辽宁省现代产业学院,2025-12-31,东北财经大学金融科技学院,https://www.dufe.edu.cn/news/news/content_96222.html
大连市人大财经委向东北财经大学发来感谢信,2025-12-31,东北财经大学金融科技学院,https://www.dufe.edu.cn/news/news/content_96221.html
中国共产党东北财经大学第十届委员会第六次全体会议召开,2025-12-31,东北财经大学金融科技学院,https://www.dufe.edu.cn/news/news/content_96201.html
“中华文明赋能创意资源开发与文化产业发展”学术研讨会成功举办,2025-12-26,东北财经大学金融科技学院,https://www.dufe.edu.cn/news/news/content_96138.html
2025辽宁海外领事保护与协助宣传活动在东北财经大学启动,2025-12-25,东北财经大学金融科技学院,https://www.dufe.edu.cn/news/news/content_96115.html
东北财经大学党委常委、副校长王伟同教授在《学习时报》发表理论文章《为什么要继续实施更加积极的财政政策》,2025-12-24,东北财经大学金融科技学院,https://www.dufe.edu.cn/news/news/content_96094.html
“智税联·创新创业服务平台”正式启动 政税企校金携手赋能高校成果转化与双创生态,2025-12-24,东北财经大学金融科技学院,https://www.dufe.edu.cn/news/news/content_96090.html
培训学院、继续教育学院、跨境教育中心、智慧校园建设中心、网络教育学院联合举办学习贯彻党的二十届四中全会精神宣讲报告会,2025-12-23,东北财经大学金融科技学院,https://www.dufe.edu.cn/news/news/content_96076.html
“和声筑梦 音暖山海”东北财经大学阿卡贝拉合唱团2026年新年音乐会圆满落幕,2025-12-22,东北财经大学金融科技学院,https://www.dufe.edu.cn/news/news/content_96028.html
东北财经大学成功举办首届东北地区新文旅创意策划与管理咨询挑战赛,2025-12-19,东北财经大学金融科技学院,https://www.dufe.edu.cn/news/news/content_96010.html
科研处、财务处、法学院、金融科技学院等单位联合举办学习贯彻党的二十届四中全会精神宣讲报告会,2025-12-19,东北财经大学金融科技学院,https://www.dufe.edu.cn/news/news/content_96007.html
深学细悟全会精神 凝心聚力绘就新篇——研究生院、国际商学院联合举办学习贯彻党的二十届四中全会精神专题宣讲报告会,2025-12-19,东北财经大学金融科技学院,https://www.dufe.edu.cn/news/news/content_96006.html
学校纪检监察机构、党委巡察工作领导小组办公室、工商管理学院、投资工程管理学院联合举办学习贯彻党的二十届四中全会精神宣讲报告会,2025-12-19,东北财经大学金融科技学院,https://www.dufe.edu.cn/news/news/content_96005.html
民盟辽宁省委会机关干部培训班开班仪式在东北财经大学成功举办,2025-12-19,东北财经大学金融科技学院,https://www.dufe.edu.cn/news/news/content_95992.html
萨里国际学院、国际教育学院成功举办学习贯彻党的二十届四中全会精神专题宣讲报告会,2025-12-18,东北财经大学金融科技学院,https://www.dufe.edu.cn/news/news/content_95983.html
东北财经大学管理科学与工程学院联合发起成立大连地区管理科学与工程学科创新学术联盟,2025-12-17,东北财经大学金融科技学院,https://www.dufe.edu.cn/news/news/content_95906.html
东北财经大学管理科学与工程学科“十五五”发展规划论证会顺利举行,2025-12-17,东北财经大学金融科技学院,https://www.dufe.edu.cn/news/news/content_95900.html
2025年“感知中国·遇见大连”来华留学生海外社交媒体影响力大赛颁奖活动在东北财经大学举行,2025-12-17,东北财经大学金融科技学院,https://www.dufe.edu.cn/news/news/content_95899.html
金融学院举办学习宣传贯彻党的二十届四中全会精神宣讲报告会,2025-12-17,东北财经大学金融科技学院,https://www.dufe.edu.cn/news/news/content_95895.html
东北财经大学入选辽宁省美育类示范性特色学校,2025-12-16,东北财经大学金融科技学院,https://www.dufe.edu.cn/news/news/content_95872.html
东北财经大学工会荣获两项2025年省总工会直属高校工会工作创新创优成果,2025-12-15,东北财经大学金融科技学院,https://www.dufe.edu.cn/news/news/content_95846.html
统计学院举办学习贯彻党的二十届四中全会精神宣讲报告会,2025-12-15,东北财经大学金融科技学院,https://www.dufe.edu.cn/news/news/content_95845.html
东北财经大学举办就业指导能力提升培训班,2025-12-13,东北财经大学金融科技学院,https://www.dufe.edu.cn/news/news/content_95833.html
公共管理学院、管理科学与工程学院、数据科学与人工智能学院联合举办学习贯彻党的二十届四中全会精神宣讲报告会,2025-12-13,东北财经大学金融科技学院,https://www.dufe.edu.cn/news/news/content_95835.html
东北财经大学现代供应链管理研究院共同发起成立“善意中国企业发展研究院”,2025-12-12,东北财经大学金融科技学院,https://www.dufe.edu.cn/news/news/content_95807.html
东北财经大学第二期师生数字素养提升培训圆满举办,2025-12-12,东北财经大学金融科技学院,https://www.dufe.edu.cn/news/news/content_95806.html
东北财经大学党委副书记、校长汪旭晖深入基层宣讲党的二十届四中全会精神,2025-12-12,东北财经大学金融科技学院,https://www.dufe.edu.cn/news/news/content_95802.html
东北财经大学党委书记同民主党派、统战团体基层组织负责人集体谈心谈话,2025-12-11,东北财经大学金融科技学院,https://www.dufe.edu.cn/news/news/content_95776.html
辽宁省委常委、副省长张立林到东北财经大学宣讲党的二十届四中全会精神,2025-12-11,东北财经大学金融科技学院,https://www.dufe.edu.cn/news/news/content_95769.html
聚智“青言汇” 解码“十五五”——东北财经大学举办党的二十届四中全会精神青年讲师团、大学生志愿宣讲团学习分享报告会,2025-12-11,东北财经大学金融科技学院,https://www.dufe.edu.cn/news/news/content_95757.html
东北财经大学党委副书记、校长汪旭晖教授在《光明日报》发表理论文章《持续释放数据要素市场化配置改革红利》,2025-12-11,东北财经大学金融科技学院,https://www.dufe.edu.cn/news/news/content_95747.html
东北财经大学现代供应链管理研究院成功协办第六届全国供应链与运营管理学术年会,2025-12-10,东北财经大学金融科技学院,https://www.dufe.edu.cn/news/news/content_95719.html
东北财经大学牵头成立“文体旅康食”产教融合共同体,2025-12-10,东北财经大学金融科技学院,https://www.dufe.edu.cn/news/news/content_95718.html
东北财经大学召开“十五五”规划编制推进会暨“双一流”建设攻坚动员会,2025-12-08,东北财经大学金融科技学院,https://www.dufe.edu.cn/news/news/content_95671.html
东北财经大学召开2025年本科教育教学工作会议 擘画一流数智新财经人才培养新蓝图,2025-12-08,东北财经大学金融科技学院,https://www.dufe.edu.cn/news/news/content_95670.html
中央广播电视总台辽宁总站向东北财经大学发来感谢信,2025-12-05,东北财经大学金融科技学院,https://www.dufe.edu.cn/news/news/content_95659.html
大连市妇联党组书记、主席赵彤一行到东北财经大学调研,2025-12-05,东北财经大学金融科技学院,https://www.dufe.edu.cn/news/news/content_95657.html
东北财经大学召开学生思想政治工作研讨会 以强大思政引领力落实立德树人根本任务,2025-12-04,东北财经大学金融科技学院,https://www.dufe.edu.cn/news/news/content_95628.html
东北财经大学与大连市公安局沙河口分局联合原创反诈情景剧成功首演,2025-12-03,东北财经大学金融科技学院,https://www.dufe.edu.cn/news/news/content_95601.html
东北财经大学党委与大连财经学院党委举行党建结对共建协议签约仪式,2025-12-03,东北财经大学金融科技学院,https://www.dufe.edu.cn/news/news/content_95579.html
东北财经大学AI课程建设工作坊成功举办,2025-12-02,东北财经大学金融科技学院,https://www.dufe.edu.cn/news/news/content_95556.html
东北财经大学党委理论学习中心组（扩大）举行集体学习会 深入学习贯彻《中国共产党思想政治工作条例》,2025-12-02,东北财经大学金融科技学院,https://www.dufe.edu.cn/news/news/content_95539.html
2025-2026第二十一届“花旗杯”金融创新应用大赛在东北财经大学正式启动,2025-12-01,东北财经大学金融科技学院,https://www.dufe.edu.cn/news/news/content_95523.html
“潮起湘江 财聚星城”东北财经大学湖南校友会2025年年会暨迎新会成功举办,2025-12-01,东北财经大学金融科技学院,https://www.dufe.edu.cn/news/news/content_95522.html
中国共产主义青年团东北财经大学第十一次代表大会胜利召开,2025-11-30,东北财经大学金融科技学院,https://www.dufe.edu.cn/news/news/content_95468.html
东北财经大学召开2025年基层统战工作专项培训会,2025-11-28,东北财经大学金融科技学院,https://www.dufe.edu.cn/news/news/content_95464.html
校际携手育英才 跨校融合启新程——东北财经大学与大连海事大学“会计学+法学”联合学士学位培养项目签约仪式成功举行,2025-11-27,东北财经大学金融科技学院,https://www.dufe.edu.cn/news/news/content_95433.html
海南自贸港涉税新规发布，东北财经大学贡献专业力量,2025-11-26,东北财经大学金融科技学院,https://www.dufe.edu.cn/news/news/content_95421.html
斯洛伐克马杰伊贝尔大学校长一行访问东北财经大学并参加共建孔子学院理事会,2025-11-26,东北财经大学金融科技学院,https://www.dufe.edu.cn/news/news/content_95419.html
品牌铸魂 数智赋能 | 高等院校继续教育2025年度盛会在东北财经大学成功召开,2025-11-25,东北财经大学金融科技学院,https://www.dufe.edu.cn/news/news/content_95376.html
东北财经大学教学研究中心举办2025年教学改革研究项目结项暨教学创新研讨会,2025-11-25,东北财经大学金融科技学院,https://www.dufe.edu.cn/news/news/content_95375.html
东北财经大学党委副书记、校长汪旭晖一行赴粤开展调研,2025-11-24,东北财经大学金融科技学院,https://www.dufe.edu.cn/news/news/content_95354.html
东北财经大学举办深入学习贯彻党的二十届四中全会精神处科级干部和基层党务工作者素质能力提升专题培训班,2025-11-23,东北财经大学金融科技学院,https://www.dufe.edu.cn/news/news/content_95337.html
深学细悟全会精神 书香赋能强国建设——东北财经大学图书馆举办学习贯彻党的二十届四中全会精神专题文献资源展,2025-11-21,东北财经大学金融科技学院,https://www.dufe.edu.cn/news/news/content_95315.html
大连市图书馆学会2025年“AI赋能图书馆创新发展与实践探索”学术研讨会在东北财经大学成功举办,2025-11-21,东北财经大学金融科技学院,https://www.dufe.edu.cn/news/news/content_95314.html
东北财经大学党委理论学习中心组举行集体学习会 深入学习贯彻党的二十届四中全会精神,2025-11-21,东北财经大学金融科技学院,https://www.dufe.edu.cn/news/news/content_95311.html
东北财经大学在第七届辽宁省大学生网络文化节和网络教育优秀作品推选展示活动中再创佳绩,2025-11-20,东北财经大学金融科技学院,https://www.dufe.edu.cn/news/news/content_95306.html
赞比亚国家广播公司报道东北财经大学中非创新合作交流活动,2025-11-20,东北财经大学金融科技学院,https://www.dufe.edu.cn/news/news/content_95304.html
学习贯彻党的二十届四中全会精神东北财经大学宣讲团首场报告会举行,2025-11-20,东北财经大学金融科技学院,https://www.dufe.edu.cn/news/news/content_95296.html
东北财经大学成功召开公共管理学科“十五五”发展规划及交叉学科建设专家组论证会,2025-11-19,东北财经大学金融科技学院,https://www.dufe.edu.cn/news/news/content_95277.html
中央广播电视总台向东北财经大学发来感谢信,2025-11-19,东北财经大学金融科技学院,https://www.dufe.edu.cn/news/news/content_95276.html
东北财经大学再度荣膺“2025年度HSK优秀考点”,2025-11-18,东北财经大学金融科技学院,https://www.dufe.edu.cn/news/news/content_95255.html
东北财经大学参与编制的国内首个财税行业大模型技术标准正式发布,2025-11-17,东北财经大学金融科技学院,https://www.dufe.edu.cn/news/news/content_95235.html
沙河口区副区长、公安分局党组书记、局长徐宏开一行到东北财经大学调研指导校园安全工作,2025-11-15,东北财经大学金融科技学院,https://www.dufe.edu.cn/news/news/content_95210.html
新华网聚焦东北财经大学推进人才培养数字化转型进行专题报道,2025-11-14,东北财经大学金融科技学院,https://www.dufe.edu.cn/news/news/content_95187.html
中国旅游集团有限公司党委副书记、董事石善博一行到东北财经大学调研,2025-11-14,东北财经大学金融科技学院,https://www.dufe.edu.cn/news/news/content_95186.html
东北财经大学召开2025年全校统战工作会议,2025-11-12,东北财经大学金融科技学院,https://www.dufe.edu.cn/news/news/content_95147.html
东北财经大学党委书记方红星会见中国农业银行党委委员、副行长王大军一行,2025-11-11,东北财经大学金融科技学院,https://www.dufe.edu.cn/news/news/content_95110.html
东北财经大学原创歌曲《向阳》荣获“廉韵清风”全省新时代廉洁文化文艺作品征集活动二等奖,2025-11-11,东北财经大学金融科技学院,https://www.dufe.edu.cn/news/news/content_95085.html
东北财经大学会计学院举办第二届“天健专项奖（助）学金”颁奖仪式,2025-11-11,东北财经大学金融科技学院,https://www.dufe.edu.cn/news/news/content_95084.html
东北财经大学韩超教授、陈震副教授在《光明日报》发表理论文章《加快推进市场监管公平统一》,2025-11-11,东北财经大学金融科技学院,https://www.dufe.edu.cn/news/news/content_95078.html
东北财经大学多个中外合作办学项目延期和部分项目扩招获教育部批准,2025-11-10,东北财经大学金融科技学院,https://www.dufe.edu.cn/news/news/content_95055.html
数据驱动，让档案工作走向“前端”,2025-11-07,东北财经大学金融科技学院,https://www.dufe.edu.cn/news/news/content_95039.html
东北财经大学举行“杏运满途携手行，鉴往知来担使命”统一战线红色教育旅顺行活动,2025-11-07,东北财经大学金融科技学院,https://www.dufe.edu.cn/news/news/content_95036.html
云南财经大学党委副书记、校长王敏一行到东北财经大学调研,2025-11-07,东北财经大学金融科技学院,https://www.dufe.edu.cn/news/news/content_95022.html
东北财经大学3门优质全英文慕课入选2025年度慕课出海名单并将在印尼展开在线教学,2025-11-07,东北财经大学金融科技学院,https://www.dufe.edu.cn/news/news/content_95021.html
东北财经大学党委副书记、校长汪旭晖一行赴辽宁省数据局开展调研,2025-11-07,东北财经大学金融科技学院,https://www.dufe.edu.cn/news/news/content_95020.html
东北财经大学在第四届辽宁省高校组织员素质能力大赛中荣获佳绩,2025-11-07,东北财经大学金融科技学院,https://www.dufe.edu.cn/news/news/content_95018.html
中国统计教育学会向东北财经大学发来感谢信,2025-11-06,东北财经大学金融科技学院,https://www.dufe.edu.cn/news/news/content_95011.html
“低空翱翔 智创未来”东北财经大学第三届科创文化节成功举办,2025-11-06,东北财经大学金融科技学院,https://www.dufe.edu.cn/news/news/content_95010.html
“尖山论创：从创业者到企业家”一一东北财经大学第二届校友创新创业创投论坛成功举办,2025-11-06,东北财经大学金融科技学院,https://www.dufe.edu.cn/news/news/content_94998.html
新华社辽宁分社社长、分党组书记金风一行到东北财经大学调研,2025-11-06,东北财经大学金融科技学院,https://www.dufe.edu.cn/news/news/content_94997.html
中国民主促进会东北财经大学支部召开第八次会员大会,2025-11-06,东北财经大学金融科技学院,https://www.dufe.edu.cn/news/news/content_94996.html
东北财经大学召开党委常委会（扩大）会议 传达学习贯彻习近平总书记在党的二十届四中全会上的重要讲话和全会精神,2025-11-05,东北财经大学金融科技学院,https://www.dufe.edu.cn/news/news/content_94978.html
东北财经大学顺利通过辽宁省高校数字校园规范建设验收,2025-11-05,东北财经大学金融科技学院,https://www.dufe.edu.cn/news/news/content_94975.html
全国金融行业招聘会与辽宁共青团“百校千岗”活动联动——东北财经大学2026届毕业生秋季就业“双向选择”洽谈会（第二场）成功举办,2025-11-05,东北财经大学金融科技学院,https://www.dufe.edu.cn/news/news/content_94974.html
东北自贸试验区研究智库联盟学术研讨会（2025）在东北财经大学成功举办,2025-11-03,东北财经大学金融科技学院,https://www.dufe.edu.cn/news/news/content_94950.html
东北财经大学成功举办新入职教师教学研习营,2025-11-03,东北财经大学金融科技学院,https://www.dufe.edu.cn/news/news/content_94949.html
四秩重逢叙深情 尖山星海共芳华——东北财经大学1985级物资管理专业校友入学40周年重返母校团聚,2025-11-03,东北财经大学金融科技学院,https://www.dufe.edu.cn/news/news/content_94948.html
双向赋能，共谋发展：东北财经大学与苏州相城开启校地合作新篇章,2025-11-03,东北财经大学金融科技学院,https://www.dufe.edu.cn/news/news/content_94945.html
东北财经大学成功举办2025年（第十一届）全国大学生统计建模大赛国赛答辩赛,2025-11-03,东北财经大学金融科技学院,https://www.dufe.edu.cn/news/news/content_94935.html
“中华文明与道德经济”系列学术研讨会之“中华文明视域下的人工智能范式与智能社会发展”成功举办,2025-10-31,东北财经大学金融科技学院,https://www.dufe.edu.cn/news/news/content_94882.html
东北财经大学召开传达学习贯彻党的二十届四中全会精神暨思政课集体备课会,2025-10-30,东北财经大学金融科技学院,https://www.dufe.edu.cn/news/news/content_94844.html
东北财经大学本科教学成果奖培育研讨会成功举办,2025-10-29,东北财经大学金融科技学院,https://www.dufe.edu.cn/news/news/content_94824.html
第五届中国高等院校市场学研究会零售管理学术论坛在东北财经大学成功举办,2025-10-28,东北财经大学金融科技学院,https://www.dufe.edu.cn/news/news/content_94786.html
中国商业会计学会环境社会与公司治理分会2025年学术会议在东北财经大学举办,2025-10-27,东北财经大学金融科技学院,https://www.dufe.edu.cn/news/news/content_94762.html
东北财经大学与国网辽宁省电力有限公司大连供电公司签署战略合作协议,2025-10-25,东北财经大学金融科技学院,https://www.dufe.edu.cn/news/news/content_94737.html
东北财经大学党委书记方红星拜访长春市政府及在长企业,2025-10-24,东北财经大学金融科技学院,https://www.dufe.edu.cn/news/news/content_94721.html
东北财经大学党委副书记、校长汪旭晖出席第三届东北亚金融大会并发表主旨演讲,2025-10-24,东北财经大学金融科技学院,https://www.dufe.edu.cn/news/news/content_94711.html
“全面振兴新突破东财论坛：激发消费活力与推进文体旅融合发展”成功举办,2025-10-24,东北财经大学金融科技学院,https://www.dufe.edu.cn/news/news/content_94707.html
“全面振兴新突破东财论坛：促进国企改革与民营企业健康发展暨中国自主内部控制知识体系构建及应用研讨会”成功举办,2025-10-24,东北财经大学金融科技学院,https://www.dufe.edu.cn/news/news/content_94706.html
东北财经大学举办教职工心理健康主题讲座,2025-10-22,东北财经大学金融科技学院,https://www.dufe.edu.cn/news/news/content_94689.html
东北财经大学应邀参加全国财经高校教育改革与高质量发展论坛暨第二届数智新财经高校联盟大会,2025-10-22,东北财经大学金融科技学院,https://www.dufe.edu.cn/news/news/content_94682.html
东北财经大学党委副书记、校长汪旭晖会见阜新银行党委书记、董事长卢德开一行,2025-10-22,东北财经大学金融科技学院,https://www.dufe.edu.cn/news/news/content_94681.html
辽宁省社会科学界联合会党组书记、主席关蓉晖一行到东北财经大学调研,2025-10-21,东北财经大学金融科技学院,https://www.dufe.edu.cn/news/news/content_94599.html
四秩光阴归母校 一堂同窗叙旧情——东北财经大学1981级商业经济专业2班校友毕业40周年重返母校团聚,2025-10-21,东北财经大学金融科技学院,https://www.dufe.edu.cn/news/news/content_94589.html
“全面振兴新突破东财论坛：扩大对外开放与深化东北亚区域经济合作”成功举办,2025-10-21,东北财经大学金融科技学院,https://www.dufe.edu.cn/news/news/content_94588.html
“全面振兴新突破东财论坛：全面深化改革与地方政府财政职能”成功举办,2025-10-21,东北财经大学金融科技学院,https://www.dufe.edu.cn/news/news/content_94587.html
中国致公党东北财经大学支部第七次党员大会召开,2025-10-21,东北财经大学金融科技学院,https://www.dufe.edu.cn/news/news/content_94583.html
东北财经大学吕炜教授在《经济日报》发表理论文章《发挥财政作用服务和支撑中长期规划》,2025-10-21,东北财经大学金融科技学院,https://www.dufe.edu.cn/news/news/content_94577.html
东北财经大学社会科学界联合会成立大会暨第一次代表大会成功召开,2025-10-21,东北财经大学金融科技学院,https://www.dufe.edu.cn/news/news/content_94570.html
东北财经大学成功举办“全面深化改革开放 激发全社会创业创新动力活力”学术研讨会,2025-10-21,东北财经大学金融科技学院,https://www.dufe.edu.cn/news/news/content_94569.html
“情系东财 逐梦泉城”东北财经大学济南校友会2025年度会议暨迎新会成功举办,2025-10-20,东北财经大学金融科技学院,https://www.dufe.edu.cn/news/news/content_94563.html
东北财经大学成功举办数智技术赋能教育教学实践应用——智慧教室及系统应用专题培训,2025-10-20,东北财经大学金融科技学院,https://www.dufe.edu.cn/news/news/content_94539.html
弘扬伟大抗美援朝精神 凝聚民族复兴磅礴力量——东北财经大学举办纪念中国人民志愿军抗美援朝出国作战75周年主题活动,2025-10-17,东北财经大学金融科技学院,https://www.dufe.edu.cn/news/news/content_94510.html
东北财经大学党委理论学习中心组举行集体学习会 参观“一部英雄史 赓续中华魂——纪念中国人民志愿军抗美援朝出国作战75周年专题展”,2025-10-17,东北财经大学金融科技学院,https://www.dufe.edu.cn/news/news/content_94509.html
东北财经大学教师受邀参加国际统计学会第65届世界统计大会,2025-10-16,东北财经大学金融科技学院,https://www.dufe.edu.cn/news/news/content_94475.html
东北财经大学举办第二届组织员素质能力大赛,2025-10-15,东北财经大学金融科技学院,https://www.dufe.edu.cn/news/news/content_94465.html
东北暨内蒙古地区《中国金融学》教材试用试教备课会在东北财经大学成功举办,2025-10-14,东北财经大学金融科技学院,https://www.dufe.edu.cn/news/news/content_94452.html
东北财经大学荣获ACCA年度“卓越教育奖”,2025-10-13,东北财经大学金融科技学院,https://www.dufe.edu.cn/news/news/content_94417.html
东北财经大学1991级财政金融系财政学专业师资班校友毕业30周年重返母校相聚,2025-10-10,东北财经大学金融科技学院,https://www.dufe.edu.cn/news/news/content_94383.html
东北财经大学1991级投资经济管理专业校友毕业30周年重返母校,2025-10-10,东北财经大学金融科技学院,https://www.dufe.edu.cn/news/news/content_94382.html
东北财经大学荣获全国大学生市场调查与分析大赛多项荣誉,2025-10-09,东北财经大学金融科技学院,https://www.dufe.edu.cn/news/news/content_94337.html
东北财经大学党委副书记、校长汪旭晖教授在《经济日报》发表理论文章《加快培育全国一体化数据市场》,2025-10-09,东北财经大学金融科技学院,https://www.dufe.edu.cn/news/news/content_94317.html
东北财经大学举办“学规定、强作风、树形象”主题教育暨党外代表人士履职能力培训班,2025-09-30,东北财经大学金融科技学院,https://www.dufe.edu.cn/news/news/content_94291.html
东北财经大学举行庆祝中华人民共和国成立76周年升国旗仪式,2025-09-30,东北财经大学金融科技学院,https://www.dufe.edu.cn/news/news/content_94278.html
东北财经大学党委举行第六轮巡察工作动员部署会,2025-09-29,东北财经大学金融科技学院,https://www.dufe.edu.cn/news/news/content_94264.html
东北财经大学举行党委领导班子学习贯彻习近平新时代中国特色社会主义思想读书班 专题学习《习近平谈治国理政》第五卷,2025-09-28,东北财经大学金融科技学院,https://www.dufe.edu.cn/news/news/content_94187.html
东北财经大学举行2025级本科生军训成果汇报暨总结表彰大会,2025-09-25,东北财经大学金融科技学院,https://www.dufe.edu.cn/news/news/content_94110.html
2025年东北财经大学教师教学创新大赛成功举办,2025-09-25,东北财经大学金融科技学院,https://www.dufe.edu.cn/news/news/content_94107.html
教育部民族教育司、新疆维吾尔自治区教育厅、新疆生产建设兵团教育局向东北财经大学发来感谢信,2025-09-25,东北财经大学金融科技学院,https://www.dufe.edu.cn/news/news/content_94083.html
“小银杏”智耀科交会 “新引擎”赋能产学研,2025-09-24,东北财经大学金融科技学院,https://www.dufe.edu.cn/news/news/content_94074.html
东北财经大学2026届毕业生秋季就业“双向选择”洽谈会成功举办,2025-09-24,东北财经大学金融科技学院,https://www.dufe.edu.cn/news/news/content_94073.html
第九届全国高校国际贸易学科协作组青年论坛暨2025年博士生论坛在东北财经大学成功举办,2025-09-24,东北财经大学金融科技学院,https://www.dufe.edu.cn/news/news/content_94072.html
首届东北暨内蒙古地区统计与数据科学发展论坛及东北暨内蒙古地区统计与数据科学学科合作发展联盟揭牌仪式在东北财经大学成功举办,2025-09-23,东北财经大学金融科技学院,https://www.dufe.edu.cn/news/news/content_94059.html
东北财经大学1981级财政金融系财政学专业2班校友毕业40周年重返母校相聚,2025-09-23,东北财经大学金融科技学院,https://www.dufe.edu.cn/news/news/content_94058.html
东北财经大学举办统战大讲堂暨大连市友谊医院健康进校园活动,2025-09-23,东北财经大学金融科技学院,https://www.dufe.edu.cn/news/news/content_94038.html
第十届全国学生“学宪法 讲宪法”活动辽宁赛区演讲比赛决赛在东北财经大学圆满落幕,2025-09-22,东北财经大学金融科技学院,https://www.dufe.edu.cn/news/news/content_94035.html
东北财经大学陈艳利教授获聘财政部第一届企业财务咨询专家,2025-09-19,东北财经大学金融科技学院,https://www.dufe.edu.cn/news/news/content_94007.html
东北财经大学与澳大利亚国立大学合作十周年系列活动圆满举行,2025-09-18,东北财经大学金融科技学院,https://www.dufe.edu.cn/news/news/content_93974.html
东北财经大学演讲协会校友分会成立大会暨“启鸣”基金启动仪式成功举办,2025-09-15,东北财经大学金融科技学院,https://www.dufe.edu.cn/news/news/content_93872.html
经济日报刊发重磅调研：大连逐浪,2025-09-15,东北财经大学金融科技学院,https://www.dufe.edu.cn/news/news/content_93860.html
东北财经大学1981级物资管理专业2班校友毕业四十载荣归母校,2025-09-13,东北财经大学金融科技学院,https://www.dufe.edu.cn/news/news/content_93837.html
东北财经大学举行2025年退伍学生欢迎会暨入伍学生欢送会,2025-09-12,东北财经大学金融科技学院,https://www.dufe.edu.cn/news/news/content_93834.html
财园追光，师泽新程！东北财经大学博雅空间快闪温暖遇见新学期,2025-09-11,东北财经大学金融科技学院,https://www.dufe.edu.cn/news/news/content_93737.html
东北财经大学举办庆祝2025年教师节大会,2025-09-10,东北财经大学金融科技学院,https://www.dufe.edu.cn/news/news/content_93712.html
东北财经大学举行2025级本科生军训动员大会,2025-09-10,东北财经大学金融科技学院,https://www.dufe.edu.cn/news/news/content_93703.html
东北财经大学党委召开会议，巩固拓展深入贯彻中央八项规定精神学习教育成果，推进作风建设常态化长效化,2025-09-10,东北财经大学金融科技学院,https://www.dufe.edu.cn/news/news/content_93695.html
东北财经大学举行2025级新生开学典礼,2025-09-09,东北财经大学金融科技学院,https://www.dufe.edu.cn/news/news/content_93650.html
桑榆未晚，银龄生辉——“教育部高校银龄教师支援西部计划”东北财经大学教师风采,2025-09-09,东北财经大学金融科技学院,https://www.dufe.edu.cn/news/news/content_93633.html
财政部向我校发来第41个教师节贺信,2025-09-08,东北财经大学金融科技学院,https://www.dufe.edu.cn/news/news/content_93615.html
中国农工民主党东北财经大学支部委员会召开第四次党员大会,2025-09-08,东北财经大学金融科技学院,https://www.dufe.edu.cn/news/news/content_93591.html
喜报！东北财经大学8个新媒体账号获得2025年度易班“优质思政内容建设”培育项目立项,2025-09-08,东北财经大学金融科技学院,https://www.dufe.edu.cn/news/news/content_93611.html
东北财经大学师生积极收看收听纪念中国人民抗日战争暨世界反法西斯战争胜利80周年大会,2025-09-03,东北财经大学金融科技学院,https://www.dufe.edu.cn/news/news/content_93505.html
校领导调研2025年秋季学期开学工作,2025-09-01,东北财经大学金融科技学院,https://www.dufe.edu.cn/news/news/content_93463.html
弘扬伟大抗战精神 弘扬东北抗联精神 为实现中华民族伟大复兴而奋斗——东北财经大学举办《群山回唱·行走课堂》“开学第一课”活动,2025-09-01,东北财经大学金融科技学院,https://www.dufe.edu.cn/news/news/content_93461.html
第十七届全国青年管理科学与系统科学学术会议在东北财经大学成功举办,2025-08-31,东北财经大学金融科技学院,https://www.dufe.edu.cn/news/news/content_93435.html
纪念中国人民抗日战争暨世界反法西斯战争胜利80周年思政课集体备课会和《数字人思政课：大力弘扬东北抗联精神》上线仪式成功举行,2025-08-30,东北财经大学金融科技学院,https://www.dufe.edu.cn/news/news/content_93434.html
东北财经大学成功举办2025年POMS中国暑期学校,2025-08-30,东北财经大学金融科技学院,https://www.dufe.edu.cn/news/news/content_93429.html
2025年度《系统工程理论与实践》编委会会议在东北财经大学成功举办,2025-08-29,东北财经大学金融科技学院,https://www.dufe.edu.cn/news/news/content_93425.html
“中华文明视域下的高质量发展测度”学术研讨会成功举办,2025-08-21,东北财经大学金融科技学院,https://www.dufe.edu.cn/news/news/content_93321.html
《中国共青团》杂志报道《东北财经大学：在党的旗帜下奋进新征程、创造新业绩》,2025-08-20,东北财经大学金融科技学院,https://www.dufe.edu.cn/news/news/content_93311.html
东北财经大学党委副书记、校长汪旭晖赴大连长兴岛经济技术开发区调研,2025-08-20,东北财经大学金融科技学院,https://www.dufe.edu.cn/news/news/content_93318.html
东北财经大学党委副书记、校长汪旭晖会见中国联通大连市分公司党委书记、总经理白国富一行,2025-08-13,东北财经大学金融科技学院,https://www.dufe.edu.cn/news/news/content_93285.html
省政协委员、东北财经大学学术委员会主任唐加福教授参加省政协专题协商会,2025-08-11,东北财经大学金融科技学院,https://www.dufe.edu.cn/news/news/content_93279.html
东北财经大学成功举办经济测度与经济统计学研讨班（第二期）,2025-07-31,东北财经大学金融科技学院,https://www.dufe.edu.cn/news/news/content_93247.html
东北财经大学三门课程入选教育部第一批“智慧课程新疆行”精品智慧课程,2025-07-31,东北财经大学金融科技学院,https://www.dufe.edu.cn/news/news/content_93246.html
大连市留学青年“青衿致新”创新创业训练营在东北财经大学开班,2025-07-24,东北财经大学金融科技学院,https://www.dufe.edu.cn/news/news/content_93193.html
东北财经大学成功举办中国会计学会2025年学术年会,2025-07-23,东北财经大学金融科技学院,https://www.dufe.edu.cn/news/news/content_93192.html
东北财经大学学术委员会（2025-2028）第一次全体会议成功召开,2025-07-22,东北财经大学金融科技学院,https://www.dufe.edu.cn/news/news/content_93187.html
东北财经大学成功举办“2025人工智能与数字金融暑期研讨会”,2025-07-17,东北财经大学金融科技学院,https://www.dufe.edu.cn/news/news/content_93134.html
东北财经大学成功举办第十五届全国大学生电子商务“三创”挑战赛辽宁省选拔赛,2025-07-15,东北财经大学金融科技学院,https://www.dufe.edu.cn/news/news/content_93086.html
东北财经大学成功举办第二届MIB国际贸易融资竞赛,2025-07-14,东北财经大学金融科技学院,https://www.dufe.edu.cn/news/news/content_93077.html
东北财经大学召开研究生教育综合改革研讨会,2025-07-14,东北财经大学金融科技学院,https://www.dufe.edu.cn/news/news/content_93033.html
东北财经大学党委理论学习中心组举行集体学习会 深入学习贯彻习近平总书记系列重要讲话和重要指示批示精神,2025-07-14,东北财经大学金融科技学院,https://www.dufe.edu.cn/news/news/content_93027.html
东北财经大学党委副书记、校长汪旭晖到青年教师中开展调研并讲授深入贯彻中央八项规定精神学习教育专题党课,2025-07-14,东北财经大学金融科技学院,https://www.dufe.edu.cn/news/news/content_93034.html
第十届东北财经大学党委第五轮巡察完成反馈,2025-07-13,东北财经大学金融科技学院,https://www.dufe.edu.cn/news/news/content_93026.html
东北财经大学党委书记方红星会见中国农业银行大连市分行党委书记、行长李鹏一行,2025-07-13,东北财经大学金融科技学院,https://www.dufe.edu.cn/news/news/content_93025.html
东北财经大学第二批AI课程示范课程建设工作坊成功举办,2025-07-13,东北财经大学金融科技学院,https://www.dufe.edu.cn/news/news/content_93021.html
东北暨内蒙古地区会计硕士专业学位联盟人才培养年度研讨会（2025）在东北财经大学成功召开,2025-07-13,东北财经大学金融科技学院,https://www.dufe.edu.cn/news/news/content_93020.html
东北财经大学召开“十五五”规划编制工作部署会,2025-07-11,东北财经大学金融科技学院,https://www.dufe.edu.cn/news/news/content_93004.html
东北财经大学举办辅导员培养培训赋能行动——“向新力”AI技术训练营,2025-07-11,东北财经大学金融科技学院,https://www.dufe.edu.cn/news/news/content_93003.html
中国共产党东北财经大学第十届委员会第五次全体会议召开,2025-07-10,东北财经大学金融科技学院,https://www.dufe.edu.cn/news/news/content_92954.html
东北财经大学成功举办2025年“合作·共生·治理”国际学术会议,2025-07-10,东北财经大学金融科技学院,https://www.dufe.edu.cn/news/news/content_92953.html
东北财经大学召开2025年网络安全和信息化工作会议暨数据治理工作会,2025-07-09,东北财经大学金融科技学院,https://www.dufe.edu.cn/news/news/content_92895.html
省委决定佟春光同志任东北财经大学党委委员、常委、副书记，施锦芳同志任东北财经大学党委委员、常委、副校长（试用期一年）,2025-07-08,东北财经大学金融科技学院,https://www.dufe.edu.cn/news/news/content_92851.html
东北财经大学举办“心理危机预防与干预”专题培训,2025-07-04,东北财经大学金融科技学院,https://www.dufe.edu.cn/news/news/content_92810.html
东北财经大学与大连市医疗保障局举行战略合作签约仪式,2025-07-04,东北财经大学金融科技学院,https://www.dufe.edu.cn/news/news/content_92808.html
“铭记历史，同心奋进”东北财经大学基层党组织统战工作交流暨党外人士座谈会成功举办,2025-07-04,东北财经大学金融科技学院,https://www.dufe.edu.cn/news/news/content_92809.html
民盟东北财经大学委员会召开第五次盟员代表大会,2025-07-03,东北财经大学金融科技学院,https://www.dufe.edu.cn/news/news/content_92791.html
“卓越党建”工程扎实推进，东北财经大学基层党建工作获持续关注,2025-07-02,东北财经大学金融科技学院,https://www.dufe.edu.cn/news/news/content_92755.html
中国高校财经慕课联盟第三届全国财经高校“同课异构”教学竞赛赛前培训暨新时代高校数智财经教育发展研讨会在东北财经大学成功召开,2025-07-02,东北财经大学金融科技学院,https://www.dufe.edu.cn/news/news/content_92751.html
热烈庆祝中国共产党成立104周年,2025-07-01,东北财经大学金融科技学院,https://www.dufe.edu.cn/news/news/content_92715.html
东北财经大学体育发展论坛（2025年第一期）成功举办,2025-07-01,东北财经大学金融科技学院,https://www.dufe.edu.cn/news/news/content_92726.html
中共辽宁省委宣传部与东北财经大学共同举办红色文化讲堂 大力弘扬东北抗联精神,2025-06-30,东北财经大学金融科技学院,https://www.dufe.edu.cn/news/news/content_92714.html
新时代高校数智财经教育发展工作会议暨辽宁省数字经济现代产业学院建设推进会在东北财经大学成功召开,2025-06-30,东北财经大学金融科技学院,https://www.dufe.edu.cn/news/news/content_92708.html
“大力弘扬东北抗联精神——辽宁省中国特色社会主义理论体系研究中心理论研讨会”在东北财经大学成功举办,2025-06-30,东北财经大学金融科技学院,https://www.dufe.edu.cn/news/news/content_92692.html
“全面振兴新突破东财论坛：未来五年我国区域发展战略布局与东北全面振兴新突破方向”成功举办,2025-06-30,东北财经大学金融科技学院,https://www.dufe.edu.cn/news/news/content_92685.html
东北财经大学成功举办第十届风险灾害危机多学科论坛,2025-06-27,东北财经大学金融科技学院,https://www.dufe.edu.cn/news/news/content_92663.html
厚植法治信仰，赋能财税英才——东北财经大学第二十届税法宣传月系列活动圆满结束,2025-06-27,东北财经大学金融科技学院,https://www.dufe.edu.cn/news/news/content_92670.html
东北财经大学党委副书记、校长汪旭晖会见大连市数据产业有限公司总经理植垚一行,2025-06-26,东北财经大学金融科技学院,https://www.dufe.edu.cn/news/news/content_92646.html
东北财经大学就业工作成果获批“新时代高校学生国际就业力培养计划”首批试点院校立项,2025-06-25,东北财经大学金融科技学院,https://www.dufe.edu.cn/news/news/content_92636.html
2025“文化东财 自信自强”校园文化节精彩落幕，获奖名单新鲜出炉～,2025-06-25,东北财经大学金融科技学院,https://www.dufe.edu.cn/news/news/content_92633.html
东北财经大学举行“光荣在党50年”纪念章颁发仪式,2025-06-24,东北财经大学金融科技学院,https://www.dufe.edu.cn/news/news/content_92625.html
东北财经大学成功举办“IAER Econometrics Workshop 2025”,2025-06-24,东北财经大学金融科技学院,https://www.dufe.edu.cn/news/news/content_92624.html
东北财经大学举办党建工作专题研讨会,2025-06-20,东北财经大学金融科技学院,https://www.dufe.edu.cn/news/news/content_92558.html
英国奥斯特大学代表团访问东北财经大学，深化两校教育合作,2025-06-20,东北财经大学金融科技学院,https://www.dufe.edu.cn/news/news/content_92557.html
东北财经大学AI课程示范课程建设工作坊成功举办,2025-06-20,东北财经大学金融科技学院,https://www.dufe.edu.cn/news/news/content_92554.html
东北财经大学成功举办第二期“鼎创实验班”开班暨首期“鼎创实验班”结业仪式,2025-06-19,东北财经大学金融科技学院,https://www.dufe.edu.cn/news/news/content_92516.html
爱的双向奔赴 | 东北财经大学举办“星海·启航”2025届毕业生毕业晚会,2025-06-19,东北财经大学金融科技学院,https://www.dufe.edu.cn/news/news/content_92499.html
东北财经大学举行2025年毕业典礼暨学位授予仪式,2025-06-17,东北财经大学金融科技学院,https://www.dufe.edu.cn/news/news/content_92455.html
赓续红色血脉 续写时代新篇——《东财春秋》原创校史剧首演圆满落幕,2025-06-16,东北财经大学金融科技学院,https://www.dufe.edu.cn/news/news/content_92443.html
东北财经大学成功举办“IAER Macroeconomics Workshop 2025”,2025-06-16,东北财经大学金融科技学院,https://www.dufe.edu.cn/news/news/content_92678.html
东北财经大学举办2025年度大学生志愿服务西部计划志愿者暨第27届中国青年志愿者研究生支教团座谈会,2025-06-14,东北财经大学金融科技学院,https://www.dufe.edu.cn/news/news/content_92400.html
东北财经大学接受来华留学生高等教育质量再认证现场审查,2025-06-14,东北财经大学金融科技学院,https://www.dufe.edu.cn/news/news/content_92399.html
共话成长寄深情 奋楫扬帆启新程 东北财经大学“校长有约”2025届毕业生座谈会举行,2025-06-14,东北财经大学金融科技学院,https://www.dufe.edu.cn/news/news/content_92398.html
东北财经大学党委书记为2025届毕业生讲授专题党课 引领青年党员以严的纪律实的作风走好廉洁从业之路,2025-06-13,东北财经大学金融科技学院,https://www.dufe.edu.cn/news/news/content_92383.html
东北财经大学党委书记方红星讲授深入贯彻中央八项规定精神学习教育专题党课,2025-06-12,东北财经大学金融科技学院,https://www.dufe.edu.cn/news/news/content_92361.html
东北财经大学召开2025届毕业生就业工作推进会,2025-06-12,东北财经大学金融科技学院,https://www.dufe.edu.cn/news/news/content_92358.html
东北财经大学党委理论学习中心组（扩大）举行集体学习会,2025-06-12,东北财经大学金融科技学院,https://www.dufe.edu.cn/news/news/content_92354.html
学校纪委（监察专员办）召开违规使用公务加油卡问题处理情况通报会,2025-06-12,东北财经大学金融科技学院,https://www.dufe.edu.cn/news/news/content_92352.html
东北财经大学纪委召开党风廉政建设和反腐败工作协调小组会议,2025-06-12,东北财经大学金融科技学院,https://www.dufe.edu.cn/news/news/content_92350.html
东北财经大学2025届毕业生心目中“最有影响力的恩师”评选结果揭晓,2025-06-11,东北财经大学金融科技学院,https://www.dufe.edu.cn/news/news/content_92337.html
东北财经大学成功举办第十四届产业组织前沿问题研讨会,2025-06-11,东北财经大学金融科技学院,https://www.dufe.edu.cn/news/news/content_92333.html
东北财经大学明德讲堂（第三期）“青年教师的教学、科研与成长之路”成功举办,2025-06-11,东北财经大学金融科技学院,https://www.dufe.edu.cn/news/news/content_92332.html
东北财经大学成功举办数智经济与智能财务论坛,2025-06-11,东北财经大学金融科技学院,https://www.dufe.edu.cn/news/news/content_92330.html
2025CGMA商业精英国际挑战赛（GBC）在东北财经大学顺利落幕,2025-06-11,东北财经大学金融科技学院,https://www.dufe.edu.cn/news/news/content_92324.html
东北财经大学会计学院AACSB自评报告成功通过评审,2025-06-11,东北财经大学金融科技学院,https://www.dufe.edu.cn/news/news/content_92323.html
第五届香樟税收学论坛在东北财经大学成功举办,2025-06-11,东北财经大学金融科技学院,https://www.dufe.edu.cn/news/news/content_92326.html
东北财经大学“弘扬东北抗联精神 凝聚奋勇争先力量”中国共产党人的精神谱系宣讲活动成功举办,2025-06-11,东北财经大学金融科技学院,https://www.dufe.edu.cn/news/news/content_92318.html
“中华文明与道德经济”系列学术研讨会首次会议成功举办,2025-06-10,东北财经大学金融科技学院,https://www.dufe.edu.cn/news/news/content_92293.html
东北财经大学举行第27届“日本财产保险（中国）有限公司奖教·奖学基金”颁奖仪式,2025-06-09,东北财经大学金融科技学院,https://www.dufe.edu.cn/news/news/content_92253.html
大连证监局党委书记、局长郭俊一行到东北财经大学调研,2025-06-06,东北财经大学金融科技学院,https://www.dufe.edu.cn/news/news/content_92243.html
辽宁省社会科学界联合会副主席杨波一行到东北财经大学调研,2025-06-06,东北财经大学金融科技学院,https://www.dufe.edu.cn/news/news/content_92240.html
东北财经大学召开激发法文理学科特色优势共同构建一流学科生态体系座谈会,2025-06-06,东北财经大学金融科技学院,https://www.dufe.edu.cn/news/news/content_92224.html
东北财经大学召开加快构建中国经管学科自主知识体系座谈会,2025-06-04,东北财经大学金融科技学院,https://www.dufe.edu.cn/news/news/content_92167.html
东北财经大学承办的2025年全省高校学生党支部书记骨干培养培训班圆满结束,2025-06-03,东北财经大学金融科技学院,https://www.dufe.edu.cn/news/news/content_92147.html
东北财经大学党委深入贯彻中央八项规定精神学习教育第3期读书班暨党委理论学习中心组集体学习会举行,2025-06-03,东北财经大学金融科技学院,https://www.dufe.edu.cn/news/news/content_92145.html
东北财经大学代表参加中外合作办学联席会第十一次会议,2025-06-03,东北财经大学金融科技学院,https://www.dufe.edu.cn/news/news/content_92135.html
“数创美好 智启未来”东北财经大学第二届科技文化节成功举办,2025-06-03,东北财经大学金融科技学院,https://www.dufe.edu.cn/news/news/content_92134.html
东北财经大学第五十届田径运动会顺利举行,2025-05-30,东北财经大学金融科技学院,https://www.dufe.edu.cn/news/news/content_92120.html
东北财经大学召开各民主党派、无党派人士基层组织“学规定、强作风、树形象”主题教育动员会,2025-05-30,东北财经大学金融科技学院,https://www.dufe.edu.cn/news/news/content_92108.html
东北财经大学师生数字素养提升系列培训首课成功举办,2025-05-29,东北财经大学金融科技学院,https://www.dufe.edu.cn/news/news/content_92090.html
东北财经大学开展消防安全应急演练,2025-05-28,东北财经大学金融科技学院,https://www.dufe.edu.cn/news/news/content_92057.html
东北财经大学国际经济贸易学院荣获第五届MIB国际商务谈判赛一等奖,2025-05-28,东北财经大学金融科技学院,https://www.dufe.edu.cn/news/news/content_92046.html
东北财经大学举行辽宁省高校教师“领航工作站”建设试点工作启动仪式,2025-05-27,东北财经大学金融科技学院,https://www.dufe.edu.cn/news/news/content_92031.html
《共产党员》杂志专题报道东北财经大学“大思政课”建设典型案例,2025-05-27,东北财经大学金融科技学院,https://www.dufe.edu.cn/news/news/content_92021.html
东北财经大学2025年教职工趣味运动会圆满结束,2025-05-26,东北财经大学金融科技学院,https://www.dufe.edu.cn/news/news/content_92004.html
“财赋山海”嘉年华活动在东北财经大学付家庄校区成功举办,2025-05-26,东北财经大学金融科技学院,https://www.dufe.edu.cn/news/news/content_92003.html
东北财经大学辅导员在辽宁省高校辅导员素质能力骨干训练营中取得佳绩,2025-05-26,东北财经大学金融科技学院,https://www.dufe.edu.cn/news/news/content_92171.html
深化法商融合 服务东北振兴 东北财经大学助力第三届大连仲裁周主题活动,2025-05-26,东北财经大学金融科技学院,https://www.dufe.edu.cn/news/news/content_91993.html
东北财经大学公共管理学院党委联合举办首届“党建引领基层治理案例大赛”,2025-05-26,东北财经大学金融科技学院,https://www.dufe.edu.cn/news/news/content_91987.html
东北财经大学公共管理学院协办的2025年高校管理学院/公共管理学院院长论坛暨中国双法研究会高等教育管理学术年会在延安举行,2025-05-26,东北财经大学金融科技学院,https://www.dufe.edu.cn/news/news/content_91986.html
东北财经大学人文与传播学院原创红色舞台剧《旌歌》成功演出,2025-05-23,东北财经大学金融科技学院,https://www.dufe.edu.cn/news/news/content_91950.html
东北财经大学召开警示教育大会,2025-05-23,东北财经大学金融科技学院,https://www.dufe.edu.cn/news/news/content_91932.html
东北财经大学党委理论学习中心组（扩大）举行消防安全知识专题学习会,2025-05-23,东北财经大学金融科技学院,https://www.dufe.edu.cn/news/news/content_91922.html
大连市地方人大预算审查监督研究中心工作座谈会在东北财经大学召开,2025-05-23,东北财经大学金融科技学院,https://www.dufe.edu.cn/news/news/content_91923.html
东北财经大学成功举办《中国会计评论》2025年春季专题研讨会,2025-05-21,东北财经大学金融科技学院,https://www.dufe.edu.cn/news/news/content_91886.html
东北财经大学举办林继肯先生学术座谈会,2025-05-21,东北财经大学金融科技学院,https://www.dufe.edu.cn/news/news/content_91878.html
东北财经大学成功举办第四届人力资源管理学科发展论坛,2025-05-21,东北财经大学金融科技学院,https://www.dufe.edu.cn/news/news/content_91872.html
东北财经大学举办2025“文化东财 自信自强”校园文化节“悦享书香”之“尖山师语”活动,2025-05-21,东北财经大学金融科技学院,https://www.dufe.edu.cn/news/news/content_91859.html
辽宁省委常委、宣传部部长、省委教育工委书记靳国卫到东北财经大学调研,2025-05-21,东北财经大学金融科技学院,https://www.dufe.edu.cn/news/news/content_91856.html
东北财经大学唐加福教授在《光明日报》发表理论文章《把握经济高质量发展的深刻内涵》,2025-05-20,东北财经大学金融科技学院,https://www.dufe.edu.cn/news/news/content_91816.html
东北财经大学2025年教职工排球联赛成功举办,2025-05-19,东北财经大学金融科技学院,https://www.dufe.edu.cn/news/news/content_91798.html
东北财经大学成功举办“研究生导师培训暨培养经验交流会”,2025-05-16,东北财经大学金融科技学院,https://www.dufe.edu.cn/news/news/content_91766.html
东北财经大学开展“大中小学思政课一体化建设基地”揭牌仪式暨共上一堂VR思政课活动,2025-05-16,东北财经大学金融科技学院,https://www.dufe.edu.cn/news/news/content_91765.html
东北财经大学党委召开传达学习全省高校党的建设工作会议精神及相关工作部署会议,2025-05-16,东北财经大学金融科技学院,https://www.dufe.edu.cn/news/news/content_91755.html
东北财经大学与大连市消防救援支队举行战略合作协议签约仪式,2025-05-15,东北财经大学金融科技学院,https://www.dufe.edu.cn/news/news/content_91745.html
东北财经大学成功举办2025年心理健康教育微课比赛暨“5·25”心理健康教育月系列活动,2025-05-15,东北财经大学金融科技学院,https://www.dufe.edu.cn/news/news/content_91740.html
东北财经大学国际商务外语学院党委开展红色教育实践暨党建共建活动,2025-05-15,东北财经大学金融科技学院,https://www.dufe.edu.cn/news/news/content_91741.html
东北财经大学党委召开落实省委第八巡视组巡视反馈意见整改工作推进会,2025-05-15,东北财经大学金融科技学院,https://www.dufe.edu.cn/news/news/content_91735.html
东北财经大学教学质量监控与评估办公室赴锦州市义县大榆树堡镇沟口子村看望驻村干部,2025-05-15,东北财经大学金融科技学院,https://www.dufe.edu.cn/news/news/content_91742.html
东北财经大学赴锦州义县开展数字化大中小学思政课一体化建设进乡村活动,2025-05-13,东北财经大学金融科技学院,https://www.dufe.edu.cn/news/news/content_91689.html
“1895-1945愿为同胞倒海倾——台胞家族抗日救亡历史图文展”高校巡展在东北财经大学启动,2025-05-09,东北财经大学金融科技学院,https://www.dufe.edu.cn/news/news/content_91640.html
东北财经大学举办2025年教职工始业培训班暨海外归国人员专项培训班,2025-05-09,东北财经大学金融科技学院,https://www.dufe.edu.cn/news/news/content_91631.html
东北财经大学召开消防安全集中整治动员会议,2025-05-09,东北财经大学金融科技学院,https://www.dufe.edu.cn/news/news/content_91629.html
东北财经大学党委深入贯彻中央八项规定精神学习教育第2期读书班暨党委理论学习中心组集体学习会举行,2025-05-08,东北财经大学金融科技学院,https://www.dufe.edu.cn/news/news/content_91614.html
东北财经大学与萨里大学联合管理委员会会议成功召开,2025-05-08,东北财经大学金融科技学院,https://www.dufe.edu.cn/news/news/content_91613.html
东北财经大学AI赋能教育成果亮相第八届数字中国建设峰会,2025-05-07,东北财经大学金融科技学院,https://www.dufe.edu.cn/news/news/content_91600.html
东北财经大学召开来华留学生高等教育质量认证首批再认证工作推进会,2025-05-07,东北财经大学金融科技学院,https://www.dufe.edu.cn/news/news/content_91589.html
东北财经大学驻村工作队携手锦州教育慈善基金会打造乡村教育新阵地,2025-05-06,东北财经大学金融科技学院,https://www.dufe.edu.cn/news/news/content_91570.html
五四青年节 | 以青春之名 赴时代之约,2025-05-04,东北财经大学金融科技学院,https://www.dufe.edu.cn/news/news/content_91550.html
大连市政协法制委一行到东北财经大学专题调研毕业生高质量充分就业工作,2025-05-01,东北财经大学金融科技学院,https://www.dufe.edu.cn/news/news/content_91554.html
“五一”国际劳动节 | 致敬每一个追光的你,2025-05-01,东北财经大学金融科技学院,https://www.dufe.edu.cn/news/news/content_91549.html
东北财经大学成功举办第六届会计学者论坛,2025-04-28,东北财经大学金融科技学院,https://www.dufe.edu.cn/news/news/content_91488.html
书香校园润童心 阅读筑梦向未来——东北财经大学图书馆与附属幼儿园联合开展书香文化传承活动,2025-04-27,东北财经大学金融科技学院,https://www.dufe.edu.cn/news/news/content_91448.html
东北财经大学数字党校平台上线,2025-04-27,东北财经大学金融科技学院,https://www.dufe.edu.cn/news/news/content_91418.html
东北财经大学“统战大讲堂”开讲：日出红山五千年——何以从文化遗址到世界遗产的价值跃升,2025-04-26,东北财经大学金融科技学院,https://www.dufe.edu.cn/news/news/content_91413.html
省委决定方红星同志任东北财经大学党委书记，汪旭晖同志任东北财经大学党委副书记、校长,2025-04-25,东北财经大学金融科技学院,https://www.dufe.edu.cn/news/news/content_91398.html
东北财经大学成功举办“中华老字号高校行”系列活动,2025-04-25,东北财经大学金融科技学院,https://www.dufe.edu.cn/news/news/content_91491.html
扬州市2025年“烟花三月•才聚扬城”大学生春季招聘活动在东北财经大学举行,2025-04-25,东北财经大学金融科技学院,https://www.dufe.edu.cn/news/news/content_91394.html
东北财经大学举办2025年“春季促就业攻坚行动”之“就业+实习”双选会,2025-04-25,东北财经大学金融科技学院,https://www.dufe.edu.cn/news/news/content_91393.html
遵义市“千企万岗进百校”引才活动大连市专场招聘会在东北财经大学举行,2025-04-25,东北财经大学金融科技学院,https://www.dufe.edu.cn/news/news/content_91392.html
东北财经大学2025年“4·23世界读书日”阅读推广系列活动启动暨“书香学院”等奖项颁奖仪式成功举办,2025-04-24,东北财经大学金融科技学院,https://www.dufe.edu.cn/news/news/content_91371.html
东北财经大学获批2025年度教育部高校思想政治工作质量提升综合改革与精品建设项目,2025-04-22,东北财经大学金融科技学院,https://www.dufe.edu.cn/news/news/content_91239.html
“渤海拾贝 博济启航”东北财经大学天津校友会成立十周年年会成功举办,2025-04-22,东北财经大学金融科技学院,https://www.dufe.edu.cn/news/news/content_91234.html
CIMA英国皇家特许管理会计师公会一行访问东北财经大学,2025-04-21,东北财经大学金融科技学院,https://www.dufe.edu.cn/news/news/content_91231.html
“资产评估行业发展与人才培养系列活动启动仪式——资产评估师职业资格考试宣讲‘校园行’”在东北财经大学成功举办,2025-04-21,东北财经大学金融科技学院,https://www.dufe.edu.cn/news/news/content_91213.html
执绿色之笔 绘树人之卷——东北财经大学“共建绿色校园 共筑生态未来”植树活动圆满举行,2025-04-21,东北财经大学金融科技学院,https://www.dufe.edu.cn/news/news/content_91212.html
锚定教育强国建设目标，奋力书写决胜之年决胜之战东财答卷——东北财经大学举办领导干部和基层党务工作者能力素质提升专题培训班,2025-04-20,东北财经大学金融科技学院,https://www.dufe.edu.cn/news/news/content_91196.html
东北财经大学召开教学研究中心换届大会暨2025年校级本科教学改革研究项目选题发布会,2025-04-17,东北财经大学金融科技学院,https://www.dufe.edu.cn/news/news/content_91164.html
民进大连市委会主委艾华一行到东北财经大学调研,2025-04-17,东北财经大学金融科技学院,https://www.dufe.edu.cn/news/news/content_91152.html
中国教育和科研计算机网（CERNET）大连地区中心2025年年会在东北财经大学召开,2025-04-16,东北财经大学金融科技学院,https://www.dufe.edu.cn/news/news/content_91134.html
2025“文化东财 自信自强”校园文化节开幕式暨“高雅艺术进校园——蒙古勒津传统歌舞非遗展演走进东北财经大学”活动成功举办,2025-04-16,东北财经大学金融科技学院,https://www.dufe.edu.cn/news/news/content_91125.html
全民国家安全教育日 | 共筑全民防线 守护国家安全,2025-04-15,东北财经大学金融科技学院,https://www.dufe.edu.cn/news/news/content_91106.html
东北财经大学“4·15”全民国家安全教育日——“国门生物安全进校园”专题讲座成功举办,2025-04-15,东北财经大学金融科技学院,https://www.dufe.edu.cn/news/news/content_91112.html
2025年全国教育国际交流协会工作交流会与会代表到东北财经大学萨里国际学院调研,2025-04-14,东北财经大学金融科技学院,https://www.dufe.edu.cn/news/news/content_91089.html
学校纪委召开巡视整改监督工作推进会议,2025-04-09,东北财经大学金融科技学院,https://www.dufe.edu.cn/news/news/content_90969.html
东北财经大学工商管理学院副院长马文甲在《光明日报》发表理论文章《耐心资本助力科技创新和产业创新深度融合》,2025-04-08,东北财经大学金融科技学院,https://www.dufe.edu.cn/news/news/content_90885.html
东北财经大学第二十届“税法宣传月”启动仪式暨税务大讲堂活动成功举办,2025-04-08,东北财经大学金融科技学院,https://www.dufe.edu.cn/news/news/content_90867.html
东北财经大学签约共建大连金普新区市域产教联合体党建工作联盟,2025-04-08,东北财经大学金融科技学院,https://www.dufe.edu.cn/news/news/content_90804.html
东北财经大学启动2025年度创新创业系列赛事活动,2025-04-07,东北财经大学金融科技学院,https://www.dufe.edu.cn/news/news/content_90769.html
东北财经大学金融科技学院教师受邀参加大连市银行业 “金融护航 知赢未来”——“五篇大文章” 数字金融辅导会,2025-04-03,东北财经大学金融科技学院,https://www.dufe.edu.cn/news/news/content_90751.html
上海财经大学党委副书记周国良一行到东北财经大学看望挂职干部并调研,2025-04-03,东北财经大学金融科技学院,https://www.dufe.edu.cn/news/news/content_90748.html
东北财经大学党委常委、副校长王伟同教授在《学习时报》发表理论文章《建立和完善扩大居民消费的长效机制》,2025-04-02,东北财经大学金融科技学院,https://www.dufe.edu.cn/news/news/content_90679.html
东北财经大学民盟盟员李博阳参加全省民营企业座谈会,2025-03-28,东北财经大学金融科技学院,https://www.dufe.edu.cn/news/news/content_90610.html
东北财经大学党委深入贯彻中央八项规定精神学习教育第1期读书班暨党委理论学习中心组（扩大）集体学习会举行,2025-03-28,东北财经大学金融科技学院,https://www.dufe.edu.cn/news/news/content_90607.html
东北财经大学召开2025年全面从严治党工作会议,2025-03-27,东北财经大学金融科技学院,https://www.dufe.edu.cn/news/news/content_90584.html
东北财经大学召开2025年就业工作会议,2025-03-27,东北财经大学金融科技学院,https://www.dufe.edu.cn/news/news/content_90580.html
东北财经大学召开警示教育大会,2025-03-27,东北财经大学金融科技学院,https://www.dufe.edu.cn/news/news/content_90579.html
AI赋能，东北财经大学声像档案保护与管理创新取得可喜成果,2025-03-26,东北财经大学金融科技学院,https://www.dufe.edu.cn/news/news/content_90540.html
东北财经大学党委召开第五轮巡察工作动员部署会,2025-03-25,东北财经大学金融科技学院,https://www.dufe.edu.cn/news/news/content_90497.html
中华文明根基与经济自主创新发展——中国传统经济学2025年年会成功举办,2025-03-25,东北财经大学金融科技学院,https://www.dufe.edu.cn/news/news/content_90455.html
东北财经大学党委副书记、校长方红星到金融学院调研指导工作,2025-03-24,东北财经大学金融科技学院,https://www.dufe.edu.cn/news/news/content_90419.html
东北财经大学成功举办DeepSeek在高校课堂的实践与应用专题培训,2025-03-21,东北财经大学金融科技学院,https://www.dufe.edu.cn/news/news/content_90393.html
东北财经大学法学院师生参加大连市律师行业法律人才专场招聘会,2025-03-21,东北财经大学金融科技学院,https://www.dufe.edu.cn/news/news/content_90392.html
东北财经大学关心下一代工作委员会举办“薪火相传学雷锋 决胜振兴作贡献”主题交流活动,2025-03-21,东北财经大学金融科技学院,https://www.dufe.edu.cn/news/news/content_90363.html
东北财经大学党委部署启动深入贯彻中央八项规定精神学习教育工作,2025-03-20,东北财经大学金融科技学院,https://www.dufe.edu.cn/news/news/content_90337.html
东北财经大学举办2025届毕业生春季就业“双向选择”洽谈会,2025-03-20,东北财经大学金融科技学院,https://www.dufe.edu.cn/news/news/content_90319.html
东北财经大学王逸强入选国家全民参保宣讲员,2025-03-20,东北财经大学金融科技学院,https://www.dufe.edu.cn/news/news/content_90318.html
东北财经大学党委理论学习中心组举行集体学习会 深入学习贯彻习近平总书记在全国两会期间的重要讲话精神和全国两会精神,2025-03-19,东北财经大学金融科技学院,https://www.dufe.edu.cn/news/news/content_90298.html
东北财经大学举办“繁荣网络文化 共建网络文明” 专题报告会,2025-03-19,东北财经大学金融科技学院,https://www.dufe.edu.cn/news/news/content_90291.html
“学习强国”学习平台 东北财经大学合作备忘录签约暨同学汇学生工作站揭牌仪式成功举行,2025-03-19,东北财经大学金融科技学院,https://www.dufe.edu.cn/news/news/content_90290.html
东北财经大学党委副书记、校长方红星会见大连市医疗保障局局长黄斌一行,2025-03-16,东北财经大学金融科技学院,https://www.dufe.edu.cn/news/news/content_90245.html
东北财经大学第七届教职工代表大会第三次会议召开,2025-03-16,东北财经大学金融科技学院,https://www.dufe.edu.cn/news/news/content_90244.html
东北财经大学举行2025年退伍学生欢迎会暨入伍学生欢送会,2025-03-14,东北财经大学金融科技学院,https://www.dufe.edu.cn/news/news/content_90239.html
东北财经大学教师参加教育部电子商务概论课程虚拟教研室共建研讨会并作报告,2025-03-14,东北财经大学金融科技学院,https://www.dufe.edu.cn/news/news/content_90229.html
辽宁省第二届大学生职业规划大赛（成长赛道）决赛在东北财经大学举行,2025-03-10,东北财经大学金融科技学院,https://www.dufe.edu.cn/news/news/content_90055.html
东北财经大学继续教育学院两项任务入选教育部2024年学习型社会建设重点任务培育建设名单,2025-03-03,东北财经大学金融科技学院,https://www.dufe.edu.cn/news/news/content_89757.html
东北财经大学吕炜教授、刘欣琦博士在《光明日报》发表理论文章《优化财政政策支持 大力提振消费》,2025-02-25,东北财经大学金融科技学院,https://www.dufe.edu.cn/news/news/content_89591.html
东北财经大学张向达教授在《光明日报》发表理论文章《加快发展现代化大农业》,2025-02-10,东北财经大学金融科技学院,https://www.dufe.edu.cn/news/news/content_89479.html
东北财经大学5项课题获批2024年度辽宁省高校党建研究课题立项,2025-01-09,东北财经大学金融科技学院,https://www.dufe.edu.cn/news/news/content_89356.html
东北财经大学工商管理学院人力与物流教师党支部获评2024年辽宁省党支部标准化规范化建设示范点,2025-01-03,东北财经大学金融科技学院,https://www.dufe.edu.cn/news/news/content_89267.html
东北财经大学师生参加全国财经院院校创新创业联盟2024年年会暨第九届全国财经院校创新创业大赛并获奖,2024-12-23,东北财经大学金融科技学院,https://www.dufe.edu.cn/news/news/content_89095.html
东北财经大学爱心母婴室获评辽宁省新时代职工之家女职工关爱室“两个一百”建设项目,2024-12-18,东北财经大学金融科技学院,https://www.dufe.edu.cn/news/news/content_88974.html
东北财经大学协办的第五届全国供应链与运营管理学术年会成功举办,2024-12-16,东北财经大学金融科技学院,https://www.dufe.edu.cn/news/news/content_88928.html
全国高校第15！财经类高校第1！辽宁省高校第1！东北财经大学连续16年中标国家社会科学基金重大项目,2024-12-13,东北财经大学金融科技学院,https://www.dufe.edu.cn/news/news/content_88900.html
东北财经大学在第三届辽宁省高校组织员素质能力大赛中获集体二等奖,2024-12-13,东北财经大学金融科技学院,https://www.dufe.edu.cn/news/news/content_88887.html
东北财经大学吕炜教授、刘欣琦博士在《人民日报》发表理论文章《把握深化财税体制改革的科学方法》,2024-12-04,东北财经大学金融科技学院,https://www.dufe.edu.cn/news/news/content_88666.html
东北财经大学王海威教授在《光明日报》发表理论文章《守正创新推动思政课建设内涵式发展》,2024-12-03,东北财经大学金融科技学院,https://www.dufe.edu.cn/news/news/content_88628.html
入选辽宁省“世界一流学科”建设行列 东北财经大学学科建设取得重大进展,2024-12-03,东北财经大学金融科技学院,https://www.dufe.edu.cn/news/news/content_88626.html
东北财经大学成功举办2024年全国数量经济学博士生学术论坛,2024-11-28,东北财经大学金融科技学院,https://www.dufe.edu.cn/news/news/content_88563.html
东北财经大学圆满完成教育部普通高校继续教育质量评价试点工作,2024-11-22,东北财经大学金融科技学院,https://www.dufe.edu.cn/news/news/content_88394.html
东北财经大学会计学院教师祁渊教授荣获全国优秀教师荣誉称号,2024-11-15,东北财经大学金融科技学院,https://www.dufe.edu.cn/news/news/content_88249.html
东北财经大学第三批全省新时代党建工作标杆院系样板支部培育创建单位、第二批辽宁省高校“双带头人”教师党支部书记工作室建设单位通过验收,2024-11-14,东北财经大学金融科技学院,https://www.dufe.edu.cn/news/news/content_88229.html
东北财经大学吕炜教授在《经济日报》发表理论文章《坚持创新在现代化建设全局中的核心地位》,2024-11-13,东北财经大学金融科技学院,https://www.dufe.edu.cn/news/news/content_87893.html
东北财经大学成功举办第二十次全国中青年统计科学研讨会,2024-11-06,东北财经大学金融科技学院,https://www.dufe.edu.cn/news/news/content_87706.html
东北财经大学签约共建辽宁省工商联民营经济研究智库,2024-10-25,东北财经大学金融科技学院,https://www.dufe.edu.cn/news/news/content_87274.html
全国高等学校文科学报研究会第九届常务理事会第七次会议在东北财经大学举行,2024-10-24,东北财经大学金融科技学院,https://www.dufe.edu.cn/news/news/content_87233.html
首获辽宁优青！东北财经大学王勇教授立项辽宁省自然科学基金优秀青年基金项目,2024-10-17,东北财经大学金融科技学院,https://www.dufe.edu.cn/news/news/content_86984.html
东北财经大学3个党支部入选全国高校“双带头人”教师党支部书记“强国行”专项行动团队,2024-10-17,东北财经大学金融科技学院,https://www.dufe.edu.cn/news/news/content_86982.html
教育部物流管理专业虚拟教研室建设暨数智赋能专业建设研讨会在东北财经大学顺利召开,2024-10-11,东北财经大学金融科技学院,https://www.dufe.edu.cn/news/news/content_86890.html
东北财经大学出版社“东北全面振兴·辽宁三年行动研究丛书”入选2024年度辽宁省重点主题出版扶持项目,2024-09-26,东北财经大学金融科技学院,https://www.dufe.edu.cn/news/news/content_86665.html
辽宁省第一！东北财经大学获批2024年度教育部人文社会科学研究一般项目18项,2024-09-15,东北财经大学金融科技学院,https://www.dufe.edu.cn/news/news/content_86442.html
东北财经大学视频作品入选教育部“2024年教师风采艺术作品征集活动”优胜作品,2024-09-13,东北财经大学金融科技学院,https://www.dufe.edu.cn/news/news/content_86353.html
东北财经大学学生获评2024年辽宁省大学生年度影响力人物、大学生年度人物,2024-09-09,东北财经大学金融科技学院,https://www.dufe.edu.cn/news/news/content_86099.html
东北财经大学师生在第三届辽宁省大学生数字影像大赛暨辽宁省首届数据新闻大赛中荣获“数据新闻组”唯一特等奖,2024-08-29,东北财经大学金融科技学院,https://www.dufe.edu.cn/news/news/content_85772.html
东北财经大学在全国第七届大学生艺术展演活动中荣获佳绩,2024-08-28,东北财经大学金融科技学院,https://www.dufe.edu.cn/news/news/content_85747.html
东北财经大学“DUFE工商之生”公众号入选全国高校思想政治工作网“思政育人影响力提升榜”和“思政育人影响力排行榜”,2024-08-26,东北财经大学金融科技学院,https://www.dufe.edu.cn/news/news/content_85691.html
东北财经大学人文与传播学院姜华副教授在《光明日报》发表理论文章《东北解放区的乡村文化建设及其历史经验》,2024-08-14,东北财经大学金融科技学院,https://www.dufe.edu.cn/news/news/content_85539.html
东北财经大学教师在2024年辽宁省体育教师教学技能大赛中荣获佳绩,2024-08-09,东北财经大学金融科技学院,https://www.dufe.edu.cn/news/news/content_85520.html
东北财经大学教师王海威在第四届全国高校教师教学创新大赛中获奖,2024-08-04,东北财经大学金融科技学院,https://www.dufe.edu.cn/news/news/content_85453.html
东北财经大学公共管理学院郭劲光教授在《经济日报》发表理论文章《提升数字产业集群竞争力》,2024-07-26,东北财经大学金融科技学院,https://www.dufe.edu.cn/news/news/content_85369.html
东北财经大学党组织和党员获得辽宁省委教育工委表彰,2024-07-01,东北财经大学金融科技学院,https://www.dufe.edu.cn/news/news/content_84829.html
东北财经大学工商管理学院企业管理教师党支部书记工作室获评第三批全国高校“双带头人”教师党支部书记工作室,2024-06-26,东北财经大学金融科技学院,https://www.dufe.edu.cn/news/news/content_84671.html
东北财经大学产业组织与企业组织研究中心韩超研究员在《光明日报》发表理论文章《统筹推动传统产业与新兴产业发展》,2024-06-18,东北财经大学金融科技学院,https://www.dufe.edu.cn/news/news/content_84457.html
东北财经大学人文与传播学院姜华副教授在《人民日报》发表理论文章《把祖先留下的珍贵财富世世代代传下去 像守护家园一样守护好长城》,2024-06-13,东北财经大学金融科技学院,https://www.dufe.edu.cn/news/news/content_84319.html
东北财经大学党委书记肖兴志教授在《光明日报》发表理论文章《着力增强大宗商品产业链供应链韧性》,2024-06-11,东北财经大学金融科技学院,https://www.dufe.edu.cn/news/news/content_84261.html
东北财经大学吕炜教授、刘欣琦博士在《光明日报》发表理论文章《强化发展新质生产力的财政支持》,2024-05-29,东北财经大学金融科技学院,https://www.dufe.edu.cn/news/news/content_83925.html
东北财经大学韩传喜教授在《光明日报》发表文章《生态文学“地方感”的呈现方式与价值空间》,2024-05-29,东北财经大学金融科技学院,https://www.dufe.edu.cn/news/news/content_83924.html
东北财经大学辅导员在第十届辽宁省高校辅导员素质能力大赛中取得佳绩,2024-05-24,东北财经大学金融科技学院,https://www.dufe.edu.cn/news/news/content_83807.html
东北财经大学成功举办教育部电子商务概论课程虚拟教研室建设研讨会,2024-05-16,东北财经大学金融科技学院,https://www.dufe.edu.cn/news/news/content_83537.html
东北财经大学人文与传播学院院长韩传喜在《人民日报》发表文章《为山乡巨变加油鼓劲》,2024-05-08,东北财经大学金融科技学院,https://www.dufe.edu.cn/news/news/content_83171.html
东北财经大学工商管理学院企业管理教师党支部入选第四批“全国党建工作样板支部”,2024-04-30,东北财经大学金融科技学院,https://www.dufe.edu.cn/news/news/content_82920.html
东北财经大学成功举办第五届全国财经教育教务处长论坛,2024-04-29,东北财经大学金融科技学院,https://www.dufe.edu.cn/news/news/content_82913.html
东北财经大学青年学生肉孜麦提·吐尔逊荣获辽宁“最美青年”称号,2024-04-29,东北财经大学金融科技学院,https://www.dufe.edu.cn/news/news/content_82912.html
东北财经大学吴晓同学入选第三批全国高校“百名研究生党员标兵”,2024-04-24,东北财经大学金融科技学院,https://www.dufe.edu.cn/news/news/content_82701.html
东北财经大学驻村干部李云波同志先进事迹入选辽宁省委组织部《驻村干部风采——抓党建促乡村振兴案例选编》,2024-03-05,东北财经大学金融科技学院,https://www.dufe.edu.cn/news/news/content_81306.html
东北财经大学入选辽宁省“一站式”学生社区综合管理模式建设示范高校,2024-02-25,东北财经大学金融科技学院,https://www.dufe.edu.cn/news/news/content_81107.html
东北财经大学4项课题获批2023年度辽宁省高校党建研究课题立项,2024-01-26,东北财经大学金融科技学院,https://www.dufe.edu.cn/news/news/content_81017.html
东北财经大学基层党组织和党员获评2023年辽宁省高校“校园先锋示范岗”,2024-01-26,东北财经大学金融科技学院,https://www.dufe.edu.cn/news/news/content_81016.html
东北财经大学法学院刘福元教授获评第四届“辽宁省杰出中青年法学专家”,2023-12-28,东北财经大学金融科技学院,https://www.dufe.edu.cn/news/news/content_80480.html
东北财经大学教育评价改革工作案例入选2023年度辽宁省深化新时代教育评价改革典型案例,2023-12-01,东北财经大学金融科技学院,https://www.dufe.edu.cn/news/news/content_79811.html
东北财经大学牵头成立全国智慧数字财经产教融合共同体、全国数字商贸行业产教融合共同体,2023-12-01,东北财经大学金融科技学院,https://www.dufe.edu.cn/news/news/content_79812.html
东北财经大学党委书记肖兴志教授在《人民日报》发表理论文章《夯实新发展格局的基础 着力提升产业体系韧性》,2023-11-16,东北财经大学金融科技学院,https://www.dufe.edu.cn/news/news/content_79322.html
东北财经大学廉洁教育工作案例获评教育部第八届高校廉洁教育系列活动案例展示优秀作品,2023-11-13,东北财经大学金融科技学院,https://www.dufe.edu.cn/news/news/content_79228.html
东北财经大学教师张嫚参加中国妇女第十三次全国代表大会,2023-11-08,东北财经大学金融科技学院,https://www.dufe.edu.cn/news/news/content_79076.html
东北财经大学组织员在第二届辽宁省高校组织员素质能力大赛中取得佳绩,2023-10-20,东北财经大学金融科技学院,https://www.dufe.edu.cn/news/news/content_78571.html
东北财经大学2名辅导员荣获“2022年度辽宁省高校辅导员家访活动先进个人”荣誉称号,2023-10-16,东北财经大学金融科技学院,https://www.dufe.edu.cn/news/news/content_78379.html
东北财经大学费威教授在《人民日报》发表理论文章《保障粮食和重要农产品稳定安全供给》,2023-09-29,东北财经大学金融科技学院,https://www.dufe.edu.cn/news/news/content_77840.html
东北财经大学驻村工作队所在沟口子村农家书屋获评辽宁省“最美阅读空间”,2023-09-26,东北财经大学金融科技学院,https://www.dufe.edu.cn/news/news/content_77798.html
东北财经大学出版社五种图书（选题）入选2023年度辽宁省主题出版重点出版物专项资金扶持作品（选题）,2023-09-18,东北财经大学金融科技学院,https://www.dufe.edu.cn/news/news/content_77582.html
东北财经大学视频作品入选教育部“2023年新时代教师风采短视频征集活动”入围作品,2023-09-13,东北财经大学金融科技学院,https://www.dufe.edu.cn/news/news/content_77426.html
东北财经大学青年学生吴晓荣获2022年度“中国大学生自强之星标兵”,2023-09-01,东北财经大学金融科技学院,https://www.dufe.edu.cn/news/news/content_77008.html
东北财经大学师生荣获2023年“辽宁省高校辅导员年度影响力人物”、“辽宁省高校辅导员年度人物”提名奖、“辽宁省大学生年度人物”等荣誉,2023-08-31,东北财经大学金融科技学院,https://www.dufe.edu.cn/news/news/content_77042.html
东北财经大学教师在第三届全国高校教师教学创新大赛中喜获佳绩,2023-08-23,东北财经大学金融科技学院,https://www.dufe.edu.cn/news/news/content_76753.html
东北财经大学吕炜教授在《经济日报》发表理论文章《深刻领悟战略问题是根本性问题》,2023-07-12,东北财经大学金融科技学院,https://www.dufe.edu.cn/news/news/content_76167.html
东北财经大学吕炜教授、刘欣琦博士在《光明日报》发表理论文章《完善支持人口高质量发展的财政政策》,2023-06-06,东北财经大学金融科技学院,https://www.dufe.edu.cn/news/news/content_74574.html
东北财经大学在2023年辽宁省高校教师教学创新大赛中喜获佳绩,2023-05-24,东北财经大学金融科技学院,https://www.dufe.edu.cn/news/news/content_74021.html
东北财经大学辅导员参加2023年辽宁省高校辅导员素质能力提升训练营并获佳绩,2023-05-16,东北财经大学金融科技学院,https://www.dufe.edu.cn/news/news/content_73677.html
东北财经大学获批4项辽宁省2023年决策咨询和新型智库专项研究重大课题,2023-05-16,东北财经大学金融科技学院,https://www.dufe.edu.cn/news/news/content_73631.html
东北财经大学党委书记肖兴志教授在《光明日报》发表理论文章《提升产业链韧性和安全水平 推动中国经济行稳致远》,2023-05-10,东北财经大学金融科技学院,https://www.dufe.edu.cn/news/news/content_73350.html
东北财经大学王海威副教授在《光明日报》发表理论文章《中国式现代化理论的哲学意蕴》,2023-05-08,东北财经大学金融科技学院,https://www.dufe.edu.cn/news/news/content_73251.html
东北财经大学朱成全教授荣获2023年辽宁五一劳动奖章称号,2023-04-28,东北财经大学金融科技学院,https://www.dufe.edu.cn/news/news/content_73011.html
东北财经大学驻村工作队所在沟口子村农家书屋入选“全国最美农家书屋”,2023-04-26,东北财经大学金融科技学院,https://www.dufe.edu.cn/news/news/content_72916.html
东北财经大学基层党组织和党员获评2022年辽宁省高校“校园先锋示范岗”,2023-03-31,东北财经大学金融科技学院,https://www.dufe.edu.cn/news/news/content_71948.html
东北财经大学新增4名辽宁省普通高等学校本科教学名师,2023-03-29,东北财经大学金融科技学院,https://www.dufe.edu.cn/news/news/content_71869.html
东北财经大学吕炜教授、王伟同研究员在《人民日报》发表理论文章《健全与中国式现代化相适应的现代财政制度》,2023-03-21,东北财经大学金融科技学院,https://www.dufe.edu.cn/news/news/content_71619.html
东北财经大学成功举办2022年全国数量经济学博士生学术论坛,2022-12-20,东北财经大学金融科技学院,https://www.dufe.edu.cn/news/news/content_70698.html
东北财经大学获批辽宁省“首批省级创新创业教育实践基地”,2022-11-23,东北财经大学金融科技学院,https://www.dufe.edu.cn/news/news/content_70295.html
东北财经大学获批4项2022年辽宁省研究生创新项目,2022-11-21,东北财经大学金融科技学院,https://www.dufe.edu.cn/news/news/content_70223.html
东北财经大学师生荣获2022年“辽宁省高校辅导员年度人物”和“辽宁省大学生年度人物”称号,2022-11-02,东北财经大学金融科技学院,https://www.dufe.edu.cn/news/news/content_69568.html
东北财经大学辅导员工作室获批“辽宁省高校辅导员名师工作室”,2022-10-04,东北财经大学金融科技学院,https://www.dufe.edu.cn/news/news/content_68392.html
东北财经大学工商管理学院教师李文静荣获2022年辽宁省“最美教师”荣誉称号,2022-09-16,东北财经大学金融科技学院,https://www.dufe.edu.cn/news/news/content_67781.html
东北财经大学获评“辽宁省首批劳动教育示范学校”建设单位,2022-08-30,东北财经大学金融科技学院,https://www.dufe.edu.cn/news/news/content_67224.html
东北财经大学教师傅缨捷家庭被认定为第二批辽宁省教育世家,2022-08-25,东北财经大学金融科技学院,https://www.dufe.edu.cn/news/news/content_67156.html
东北财经大学18个项目获批2022年度辽宁省普通高等教育本科教学改革研究项目立项,2022-08-23,东北财经大学金融科技学院,https://www.dufe.edu.cn/news/news/content_67127.html
东北财经大学组织员在第一届辽宁省高校组织员素质能力大赛中取得佳绩,2022-08-14,东北财经大学金融科技学院,https://www.dufe.edu.cn/news/news/content_67025.html
东北财经大学吕炜教授在《光明日报》发表理论文章《推进政策创新 促进高质量发展》,2022-08-10,东北财经大学金融科技学院,https://www.dufe.edu.cn/news/news/content_66991.html
我校两名专职组织员获评辽宁省高校优秀组织员,2022-08-06,东北财经大学金融科技学院,https://www.dufe.edu.cn/news/news/content_66976.html
东北财经大学教师祁渊在第二届全国高校教师教学创新大赛中荣获一等奖,2022-08-01,东北财经大学金融科技学院,https://www.dufe.edu.cn/news/news/content_66952.html
东北财经大学课程、工作室分获辽宁省“就业创业金课”和“职业生涯咨询特色工作室”称号,2022-07-21,东北财经大学金融科技学院,https://www.dufe.edu.cn/news/news/content_66868.html
东北财经大学召开教育部物流管理专业虚拟教研室启动会暨第一次工作研讨会,2022-06-02,东北财经大学金融科技学院,https://www.dufe.edu.cn/news/news/content_66021.html
东北财经大学教师祁渊在2022年辽宁省高校教师教学创新大赛中勇夺桂冠,2022-05-28,东北财经大学金融科技学院,https://www.dufe.edu.cn/news/news/content_65927.html
东北财经大学王海威副教授在《光明日报》发表理论文章《思政课要把道理讲深讲透讲活》,2022-05-25,东北财经大学金融科技学院,https://www.dufe.edu.cn/news/news/content_65860.html
东北财经大学入选教育部“一站式”学生社区综合管理模式建设自主试点高校,2022-05-20,东北财经大学金融科技学院,https://www.dufe.edu.cn/news/news/content_64727.html
东北财经大学在第九届辽宁省高校辅导员素质能力大赛中获得佳绩,2022-05-04,东北财经大学金融科技学院,https://www.dufe.edu.cn/news/news/content_61984.html
东北财经大学十个项目获教育部高校学生司第一期供需对接就业育人项目立项,2022-04-10,东北财经大学金融科技学院,https://www.dufe.edu.cn/news/news/content_61701.html
东北财经大学基层党组织和党员被命名为2021年辽宁省高校“校园先锋示范岗”,2022-03-01,东北财经大学金融科技学院,https://www.dufe.edu.cn/news/news/content_59534.html
东北财经大学在辽宁省“三全育人”综合改革示范项目建设评选中喜获佳绩,2022-01-28,东北财经大学金融科技学院,https://www.dufe.edu.cn/news/news/content_59397.html
东北财经大学获批教育部首批全国急救教育试点学校,2022-01-28,东北财经大学金融科技学院,https://www.dufe.edu.cn/news/news/content_59396.html
东北财经大学5项课题获2021年度辽宁省高校党建研究课题立项,2022-01-28,东北财经大学金融科技学院,https://www.dufe.edu.cn/news/news/content_59394.html
东北财经大学8名教授当选新一届全国专业学位研究生教育指导委员会委员,2022-01-20,东北财经大学金融科技学院,https://www.dufe.edu.cn/news/news/content_59376.html
东北财经大学4名教师获评辽宁省普通高等学校本科教学名师,2022-01-12,东北财经大学金融科技学院,https://www.dufe.edu.cn/news/news/content_59347.html
东北财经大学三名民主党派成员获辽宁省政协表彰,2022-01-11,东北财经大学金融科技学院,https://www.dufe.edu.cn/news/news/content_59338.html
东北财经大学荣获“辽宁省来华留学教育先进单位”称号,2022-01-04,东北财经大学金融科技学院,https://www.dufe.edu.cn/news/news/content_55464.html
东北财经大学教授赵建国和博士研究生韩金在《经济日报》理论版发表文章《激发银发经济发展活力》,2021-12-31,东北财经大学金融科技学院,https://www.dufe.edu.cn/news/news/content_55437.html
东北财经大学主办期刊《财经问题研究》荣获第一届辽宁省出版政府奖,2021-12-30,东北财经大学金融科技学院,https://www.dufe.edu.cn/news/news/content_55414.html
东北财经大学教师荣获全国高校思想政治理论课教学展示暨优秀课程观摩活动特等奖,2021-12-24,东北财经大学金融科技学院,https://www.dufe.edu.cn/news/news/content_55308.html
东北财经大学在辽宁省教育系统学雷锋先进集体和先进个人评选中获表彰,2021-12-16,东北财经大学金融科技学院,https://www.dufe.edu.cn/news/news/content_55209.html
东北财经大学经济运行与社会发展实验室获批辽宁省首批高等学校哲学社会科学重点实验室,2021-11-08,东北财经大学金融科技学院,https://www.dufe.edu.cn/news/news/content_54583.html
东北财经大学乒乓球队在辽宁省乒乓球锦标赛中获得五项冠军,2021-10-25,东北财经大学金融科技学院,https://www.dufe.edu.cn/news/news/content_53318.html
《经济日报》整版刊发东北财经大学吕炜教授理论文章《引领中国特色社会主义财政理论与实践创新的指南》,2021-10-25,东北财经大学金融科技学院,https://www.dufe.edu.cn/news/news/content_53291.html
东北财经大学2种教材获首届全国教材建设奖,2021-10-20,东北财经大学金融科技学院,https://www.dufe.edu.cn/news/news/content_53012.html
东北财经大学赵建国教授、王净净博士研究生在《光明日报》发表理论文章《完善社会保障体系 更大力度保障和改善民生》,2021-10-20,东北财经大学金融科技学院,https://www.dufe.edu.cn/news/news/content_53091.html
东北财经大学出版社六种教材荣获首届全国教材建设奖,2021-10-13,东北财经大学金融科技学院,https://www.dufe.edu.cn/news/news/content_52814.html
东北财经大学工商管理学院教师荣获辽宁省教书育人模范荣誉称号,2021-09-29,东北财经大学金融科技学院,https://www.dufe.edu.cn/news/news/content_52415.html
东北财经大学会计学院教师家庭荣获首批辽宁省教育世家荣誉称号,2021-09-27,东北财经大学金融科技学院,https://www.dufe.edu.cn/news/news/content_52414.html
东北财经大学教师荣获第三届全国语言教学与研究“青年英才奖”,2021-08-30,东北财经大学金融科技学院,https://www.dufe.edu.cn/news/news/content_38958.html
东北财经大学教师李文静在首届全国高校教师教学创新大赛中获得佳绩,2021-08-02,东北财经大学金融科技学院,https://www.dufe.edu.cn/news/news/content_29576.html
东北财经大学吕炜教授在《经济日报》发表理论文章《创造“两大奇迹”的成功密码》,2021-07-19,东北财经大学金融科技学院,https://www.dufe.edu.cn/news/news/content_28597.html
东北财经大学部分基层党组织和个人获辽宁省委教育工委表彰,2021-06-28,东北财经大学金融科技学院,https://www.dufe.edu.cn/news/news/content_28359.html
东北财经大学申报的“中非友谊”政府奖学金项目获教育部批准立项,2021-06-23,东北财经大学金融科技学院,https://www.dufe.edu.cn/news/news/content_28257.html
2018-2022年教育部高等学校统计学类专业教学指导委员会第七次工作会议暨全国高校统计学专业院系主任联席会议在东北财经大学举行,2021-06-18,东北财经大学金融科技学院,https://www.dufe.edu.cn/news/news/content_28196.html
东北财经大学工商管理学院微信公众号入选全国首批高校思政类公众号重点建设名单,2021-06-02,东北财经大学金融科技学院,https://www.dufe.edu.cn/news/news/content_27969.html
东北财经大学教师在辽宁省首届普通高等学校教师教学大赛中获得佳绩,2021-05-27,东北财经大学金融科技学院,https://www.dufe.edu.cn/news/news/content_27870.html
东北财经大学8篇学位论文获评2020年辽宁省优秀博士、硕士学位论文,2021-05-21,东北财经大学金融科技学院,https://www.dufe.edu.cn/news/news/content_27816.html
东北财经大学吕炜教授分别在《人民日报》《光明日报》发表理论文章,2021-05-21,东北财经大学金融科技学院,https://www.dufe.edu.cn/news/news/content_27799.html
东北财经大学MBA学生荣获“2021年全国企业竞争模拟大赛”总决赛特等奖,2021-05-19,东北财经大学金融科技学院,https://www.dufe.edu.cn/news/news/content_27768.html
东北财经大学教师党支部获批辽宁省高校“双带头人”教师党支部书记工作室,2021-05-13,东北财经大学金融科技学院,https://www.dufe.edu.cn/news/news/content_27688.html
东北财经大学学生团队在第十一届全国大学生红色旅游创意策划大赛中喜获佳绩,2021-05-06,东北财经大学金融科技学院,https://www.dufe.edu.cn/news/news/content_27616.html
东北财经大学团委荣获2020年度“辽宁省五四红旗团委”荣誉称号,2021-05-04,东北财经大学金融科技学院,https://www.dufe.edu.cn/news/news/content_27596.html
东北财经大学获评辽宁省“国防教育示范学校”,2021-04-06,东北财经大学金融科技学院,https://www.dufe.edu.cn/news/news/content_27128.html
我校马克思主义学院副教授王海威在《人民日报》发表理论文章《风雨来袭时最可靠的主心骨》,2021-03-24,东北财经大学金融科技学院,https://www.dufe.edu.cn/news/news/content_26834.html
东北财经大学荣获第二届“辽宁省文明校园”称号,2021-01-28,东北财经大学金融科技学院,https://www.dufe.edu.cn/news/news/content_26604.html
我校吕炜教授在《经济日报》发表理论文章《扭住东北全面振兴的“牛鼻子”》,2021-01-27,东北财经大学金融科技学院,https://www.dufe.edu.cn/news/news/content_26592.html
东北财经大学基层党组织和党员获评2020年度辽宁省高校“校园先锋示范岗”,2021-01-07,东北财经大学金融科技学院,https://www.dufe.edu.cn/news/news/content_26406.html
